-- phpMyAdmin SQL Dump
-- version 4.1.14
-- http://www.phpmyadmin.net
--
-- Host: 127.0.0.1
-- Generation Time: Jan 10, 2016 at 08:43 PM
-- Server version: 5.6.17
-- PHP Version: 5.5.12

SET SQL_MODE = "NO_AUTO_VALUE_ON_ZERO";
SET time_zone = "+00:00";


/*!40101 SET @OLD_CHARACTER_SET_CLIENT=@@CHARACTER_SET_CLIENT */;
/*!40101 SET @OLD_CHARACTER_SET_RESULTS=@@CHARACTER_SET_RESULTS */;
/*!40101 SET @OLD_COLLATION_CONNECTION=@@COLLATION_CONNECTION */;
/*!40101 SET NAMES utf8 */;

--
-- Database: `cas`
--

-- --------------------------------------------------------

--
-- Table structure for table `alert`
--

CREATE TABLE IF NOT EXISTS `alert` (
  `Alert_ID` int(20) NOT NULL AUTO_INCREMENT,
  `Table_Name` varchar(20) NOT NULL,
  `Disaster_ID` varchar(20) NOT NULL,
  PRIMARY KEY (`Alert_ID`)
) ENGINE=InnoDB  DEFAULT CHARSET=latin1 AUTO_INCREMENT=196 ;

--
-- Dumping data for table `alert`
--

INSERT INTO `alert` (`Alert_ID`, `Table_Name`, `Disaster_ID`) VALUES
(179, 'earthquake', 'us10004db0'),
(180, 'earthquake', 'us10004dar'),
(181, 'earthquake', 'us10004dam'),
(182, 'earthquake', 'us10004d9q'),
(183, 'earthquake', 'us10004d91'),
(184, 'earthquake', 'us10004d8q'),
(189, 'earthquake', 'us10004d6e'),
(190, 'earthquake', 'us10004d61'),
(191, 'reservoir', 'Ambakolawewa'),
(192, 'earthquake', 'us10004db9'),
(193, 'earthquake', 'us10004db3'),
(194, 'tsunami', '26'),
(195, 'flood', '19');

--
-- Triggers `alert`
--
DROP TRIGGER IF EXISTS `temp_alert`;
DELIMITER //
CREATE TRIGGER `temp_alert` AFTER INSERT ON `alert`
 FOR EACH ROW INSERT INTO temp_alert(Table_Name,Disaster_ID) VALUE (NEW.Table_Name,NEW.Alert_ID)
//
DELIMITER ;

-- --------------------------------------------------------

--
-- Table structure for table `cyclone`
--

CREATE TABLE IF NOT EXISTS `cyclone` (
  `id` int(10) NOT NULL AUTO_INCREMENT,
  `date` date NOT NULL,
  `time` time NOT NULL,
  `longitude` decimal(11,8) NOT NULL,
  `latitude` decimal(10,8) NOT NULL,
  `pressure` int(10) NOT NULL,
  `wind_speed` int(10) NOT NULL,
  `stage` varchar(20) NOT NULL,
  PRIMARY KEY (`id`)
) ENGINE=InnoDB DEFAULT CHARSET=latin1 AUTO_INCREMENT=1 ;

-- --------------------------------------------------------

--
-- Table structure for table `earthquake`
--

CREATE TABLE IF NOT EXISTS `earthquake` (
  `id` varchar(20) NOT NULL,
  `date` date NOT NULL,
  `time` time NOT NULL,
  `magnitude` decimal(10,1) NOT NULL,
  `tsunami` int(11) NOT NULL,
  `place` varchar(80) NOT NULL,
  `longitude` decimal(11,8) NOT NULL,
  `latitude` decimal(10,8) NOT NULL,
  PRIMARY KEY (`id`)
) ENGINE=InnoDB DEFAULT CHARSET=latin1;

--
-- Dumping data for table `earthquake`
--

INSERT INTO `earthquake` (`id`, `date`, `time`, `magnitude`, `tsunami`, `place`, `longitude`, `latitude`) VALUES
('ak12409075', '2016-01-03', '15:45:58', '2.8', 0, '116km SSW of Sand Point, Alaska', '-161.24730000', '54.38280000'),
('ak12409081', '2016-01-03', '20:13:07', '2.6', 0, '5km SW of Healy, Alaska', '-149.06040000', '63.82450000'),
('ak12414404', '2016-01-04', '02:03:07', '3.6', 0, '112km N of Larsen Bay, Alaska', '-154.10760000', '58.54870000'),
('ak12414415', '2016-01-04', '02:23:46', '2.7', 0, '84km SE of Cold Bay, Alaska', '-161.73670000', '54.68170000'),
('ak12419863', '2016-01-04', '08:08:05', '3.6', 0, '32km NNW of Whittier, Alaska', '-148.93280000', '61.03820000'),
('ak12422105', '2016-01-04', '10:11:47', '2.8', 0, '51km E of Akutan, Alaska', '-164.99290000', '54.11350000'),
('ak12425514', '2016-01-04', '13:20:46', '2.5', 0, '95km SSW of Unalaska, Alaska', '-167.22800000', '53.11750000'),
('ak12425549', '2016-01-04', '13:55:54', '2.6', 0, '74km ENE of Cantwell, Alaska', '-147.52170000', '63.59280000'),
('ak12430223', '2016-01-04', '17:45:24', '3.5', 0, '37km E of Tanaga Volcano, Alaska', '-177.59380000', '51.90700000'),
('ak12433707', '2016-01-04', '20:37:52', '2.5', 0, '75km SW of Redoubt Volcano, Alaska', '-153.62600000', '59.97400000'),
('ak12438636', '2016-01-05', '02:43:30', '2.7', 0, '70km N of Nikiski, Alaska', '-151.37990000', '61.32490000'),
('ak12438716', '2016-01-05', '07:34:44', '3.0', 0, '114km SE of Cold Bay, Alaska', '-161.67900000', '54.35060000'),
('ak12438822', '2016-01-05', '12:10:54', '2.5', 0, '18km W of Willow, Alaska', '-150.39410000', '61.74600000'),
('ak12438873', '2016-01-05', '14:00:58', '2.5', 0, '28km WNW of Anchor Point, Alaska', '-152.31440000', '59.85370000'),
('ak12438954', '2016-01-05', '16:37:17', '3.1', 0, '78km ENE of Atka, Alaska', '-173.21270000', '52.55580000'),
('ak12438963', '2016-01-05', '19:50:36', '2.7', 0, '74km SW of Nikolski, Alaska', '-169.62330000', '52.45450000'),
('ak12439203', '2016-01-06', '01:12:22', '2.7', 0, '59km SW of False Pass, Alaska', '-163.94800000', '54.41970000'),
('ak12439273', '2016-01-06', '03:21:56', '2.7', 0, '63km E of Bear Creek, Alaska', '-148.26810000', '60.09630000'),
('ak12439689', '2016-01-06', '09:06:55', '2.7', 0, '30km SW of Kodiak Station, Alaska', '-153.00180000', '57.59000000'),
('ak12439981', '2016-01-06', '14:06:59', '2.5', 0, '29km NNE of Fritz Creek, Alaska', '-151.08590000', '59.97630000'),
('ak12440081', '2016-01-06', '15:30:17', '2.5', 0, '55km SSW of Redoubt Volcano, Alaska', '-153.15970000', '60.03060000'),
('ak12440284', '2016-01-06', '19:08:00', '3.0', 0, '36km S of Redoubt Volcano, Alaska', '-152.78700000', '60.15590000'),
('ak12441425', '2016-01-04', '06:41:40', '3.4', 0, '137km ENE of Chernabura Island, Alaska', '-157.49720000', '55.12350000'),
('ak12441431', '2016-01-04', '08:05:53', '2.5', 0, '181km SSE of Atka, Alaska', '-173.44770000', '50.63470000'),
('ak12441455', '2016-01-04', '14:04:20', '2.6', 0, '57km WNW of Kodiak Station, Alaska', '-153.45800000', '58.00240000'),
('ak12441458', '2016-01-04', '14:15:34', '3.2', 0, '128km S of Chernabura Island, Alaska', '-159.40320000', '53.63490000'),
('ak12441461', '2016-01-04', '14:45:15', '2.6', 0, '87km WSW of Larsen Bay, Alaska', '-155.24120000', '57.15410000'),
('ak12441468', '2016-01-04', '16:24:22', '3.2', 0, '88km SSE of King Salmon, Alaska', '-156.12000000', '57.94620000'),
('ak12441480', '2016-01-04', '20:40:48', '2.6', 0, '88km SE of Cold Bay, Alaska', '-161.77550000', '54.60530000'),
('ak12441729', '2016-01-07', '08:22:34', '4.9', 1, '100km SW of Atka, Alaska', '-175.26750000', '51.57980000'),
('ak12442266', '2016-01-07', '12:07:29', '2.6', 0, '137km S of Cape Yakataga, Alaska', '-142.57470000', '58.83460000'),
('ak12446941', '2016-01-08', '06:43:17', '3.0', 0, '73km E of Healy, Alaska', '-147.49370000', '63.73480000'),
('ak12447367', '2016-01-03', '14:57:36', '2.8', 0, '188km SSW of Chernabura Island, Alaska', '-160.97640000', '53.31380000'),
('ak12447403', '2016-01-04', '00:21:55', '3.0', 0, '57km NNW of Chirikof Island, Alaska', '-155.95840000', '56.30620000'),
('ak12447407', '2016-01-04', '01:32:08', '3.0', 0, '122km ESE of Atka, Alaska', '-172.67480000', '51.62610000'),
('ak12451877', '2016-01-05', '06:37:33', '3.0', 0, '221km SE of Akutan, Alaska', '-163.56920000', '52.64530000'),
('ak12451886', '2016-01-05', '09:49:54', '2.7', 0, '94km SE of False Pass, Alaska', '-162.26400000', '54.32800000'),
('ak12451920', '2016-01-05', '22:30:04', '2.5', 0, '75km SW of Larsen Bay, Alaska', '-154.98890000', '57.13990000'),
('ak12454335', '2016-01-09', '15:52:33', '2.8', 0, '26km SSE of Redoubt Volcano, Alaska', '-152.61580000', '60.25850000'),
('ak12454371', '2016-01-09', '18:21:44', '2.7', 0, '28km N of Nikiski, Alaska', '-151.36390000', '60.94010000'),
('ak12454413', '2016-01-09', '20:13:05', '2.7', 0, '97km W of Willow, Alaska', '-151.88300000', '61.68580000'),
('ak12454485', '2016-01-10', '02:35:35', '2.5', 0, '51km NNE of Nikiski, Alaska', '-151.05750000', '61.13880000'),
('ak12454701', '2016-01-10', '15:33:21', '2.9', 0, '55km ESE of Old Iliamna, Alaska', '-153.96970000', '59.60680000'),
('ci37509896', '2016-01-03', '15:21:13', '2.7', 0, '18km ESE of Kernville, California', '-118.25300000', '35.67566670'),
('ci37510184', '2016-01-04', '23:49:48', '3.7', 0, '66km SSW of Maneadero, B.C., MX', '-116.86183330', '31.18000000'),
('ci37510536', '2016-01-06', '11:32:56', '2.9', 0, '19km W of Delta, B.C., MX', '-115.39650000', '32.33333330'),
('ci37510616', '2016-01-06', '20:12:34', '4.4', 1, '4km NNW of Banning, California', '-116.88766670', '33.95833330'),
('ci37511280', '2016-01-09', '17:13:10', '3.4', 0, '10km SSW of Idyllwild, California', '-116.77500150', '33.66433330'),
('hv61141856', '2016-01-03', '22:17:07', '3.4', 0, '4km SSW of Volcano, Hawaii', '-155.24966670', '19.39383330'),
('hv61142526', '2016-01-04', '18:48:23', '2.6', 0, '4km WSW of Volcano, Hawaii', '-155.27633670', '19.40816690'),
('hv61142741', '2016-01-05', '03:57:15', '3.0', 0, '40km WSW of Hawi, Hawaii', '-156.19166670', '20.10533330'),
('hv61143056', '2016-01-05', '11:09:29', '2.6', 0, '20km ENE of Honaunau-Napoopoo, Hawaii', '-155.67466670', '19.51300000'),
('hv61146991', '2016-01-10', '04:05:19', '2.6', 0, '4km NE of Waimea, Hawaii', '-155.64317320', '20.05800060'),
('hv61147026', '2016-01-10', '04:38:23', '2.7', 0, '42km NE of Hawaiian Beaches, Hawaii', '-154.59516910', '19.77533340'),
('hv61147151', '2016-01-10', '07:32:26', '2.5', 0, '16km WNW of Volcano, Hawaii', '-155.37432860', '19.49916650'),
('mb80118624', '2016-01-06', '14:09:53', '2.6', 0, '33km E of Lovell, Wyoming', '-107.96716670', '44.81833330'),
('nc72573250', '2016-01-04', '00:30:37', '2.5', 0, '2km E of Deer Park, California', '-122.43900000', '38.52800000'),
('nc72573895', '2016-01-05', '20:07:05', '2.8', 0, '6km E of East Foothills, California', '-121.74150090', '37.38516620'),
('nc72573905', '2016-01-05', '21:44:48', '2.8', 0, '34km SW of Rio Dell, California', '-124.40100000', '40.28216670'),
('nc72574055', '2016-01-06', '05:08:26', '2.7', 0, '4km ESE of The Geysers, California', '-122.71583560', '38.75966640'),
('nc72574475', '2016-01-07', '09:30:30', '2.8', 0, '31km SW of Rio Dell, California', '-124.34000000', '40.27750000'),
('nc72574495', '2016-01-07', '11:19:52', '4.3', 1, '31km SW of Rio Dell, California', '-124.33950000', '40.27316670'),
('nc72574520', '2016-01-07', '13:59:28', '3.7', 0, '30km SW of Rio Dell, California', '-124.32400000', '40.27800000'),
('nc72574555', '2016-01-07', '16:02:43', '2.9', 0, '37km SSW of Ferndale, California', '-124.49316670', '40.28900000'),
('nc72577506', '2016-01-08', '22:13:54', '3.8', 0, '229km W of Ferndale, California', '-126.96633330', '40.42983330'),
('nc72577646', '2016-01-09', '03:48:16', '2.9', 0, '18km SSE of Ridgemark, California', '-121.28266910', '36.65583420'),
('nc72577806', '2016-01-09', '16:09:09', '2.6', 0, '9km NW of Avenal, California', '-120.19816590', '36.07316590'),
('nc72577866', '2016-01-09', '23:13:30', '3.2', 0, '4km W of San Juan Bautista, California', '-121.58266450', '36.84899900'),
('nc72577871', '2016-01-09', '23:16:51', '2.9', 0, '4km W of San Juan Bautista, California', '-121.58933260', '36.85016630'),
('nc72577876', '2016-01-09', '23:19:38', '2.6', 0, '4km W of San Juan Bautista, California', '-121.58466340', '36.85133360'),
('nc72578171', '2016-01-10', '15:23:02', '3.5', 0, '18km SSW of Carmel Valley Village, California', '-121.84500120', '36.34766770'),
('nc72578201', '2016-01-10', '18:35:09', '2.8', 0, '37km SW of Ferndale, California', '-124.63349910', '40.38416670'),
('nc72578211', '2016-01-10', '19:36:13', '2.9', 0, '32km SW of Rio Dell, California', '-124.37950130', '40.29166790'),
('nc72578216', '2016-01-10', '19:44:59', '2.6', 0, '40km SW of Ferndale, California', '-124.56783290', '40.29550170'),
('nn00525172', '2016-01-03', '14:42:46', '2.5', 0, '72km ESE of Lakeview, Oregon', '-119.60160000', '41.84830000'),
('nn00525194', '2016-01-03', '21:05:23', '4.1', 0, '71km ESE of Lakeview, Oregon', '-119.60000000', '41.86850000'),
('nn00525237', '2016-01-04', '03:25:48', '3.1', 0, '71km ESE of Lakeview, Oregon', '-119.60730000', '41.85860000'),
('nn00525246', '2016-01-04', '04:17:13', '2.7', 0, '71km ESE of Lakeview, Oregon', '-119.58850000', '41.88080000'),
('nn00525256', '2016-01-04', '05:19:00', '3.1', 0, '71km ESE of Lakeview, Oregon', '-119.60920000', '41.85250000'),
('nn00525257', '2016-01-04', '05:21:15', '2.6', 0, '70km ESE of Lakeview, Oregon', '-119.62340000', '41.84790000'),
('nn00525272', '2016-01-04', '06:34:59', '3.1', 0, '70km ESE of Lakeview, Oregon', '-119.61740000', '41.86340000'),
('nn00525347', '2016-01-04', '22:52:42', '2.9', 0, '71km ESE of Lakeview, Oregon', '-119.60960000', '41.85610000'),
('nn00525446', '2016-01-05', '13:15:46', '2.5', 0, '68km ESE of Lakeview, Oregon', '-119.63130000', '41.87840000'),
('nn00525772', '2016-01-08', '05:13:43', '2.9', 0, '71km ESE of Lakeview, Oregon', '-119.60940000', '41.85250000'),
('nn00526126', '2016-01-10', '10:54:33', '2.7', 0, '59km SSE of Hawthorne, Nevada', '-118.42050000', '38.01150000'),
('nn00526128', '2016-01-10', '11:28:19', '3.3', 0, '20km NW of Hawthorne, Nevada', '-118.80340000', '38.64770000'),
('nn00526135', '2016-01-10', '12:40:52', '2.5', 0, '31km ESE of Hawthorne, Nevada', '-118.27250000', '38.44400000'),
('pr16004001', '2016-01-04', '11:43:38', '3.0', 0, '44km N of Brenas, Puerto Rico', '-66.35410000', '18.86870000'),
('pr16004002', '2016-01-04', '15:29:07', '3.1', 0, '78km N of Road Town, British Virgin Islands', '-64.74900000', '19.11050000'),
('pr16004004', '2016-01-04', '17:27:17', '2.6', 0, '60km N of Isabela, Puerto Rico', '-67.10350000', '19.04310000'),
('pr16004005', '2016-01-04', '20:25:08', '2.6', 0, '42km NNE of Road Town, British Virgin Islands', '-64.51970000', '18.78840000'),
('pr16004006', '2016-01-04', '23:31:11', '3.0', 0, '61km N of Culebra, Puerto Rico', '-65.21710000', '18.85610000'),
('pr16004007', '2016-01-05', '00:21:09', '3.2', 0, '80km NE of Road Town, British Virgin Islands', '-64.11100000', '18.95660000'),
('pr16004008', '2016-01-05', '01:19:28', '3.4', 0, '84km NNE of Punta Cana, Dominican Republic', '-68.07510000', '19.28160000'),
('pr16005000', '2016-01-05', '08:22:59', '3.2', 0, '63km NNW of San Antonio, Puerto Rico', '-67.42650000', '18.96960000'),
('pr16005001', '2016-01-05', '12:11:33', '3.7', 0, '121km NE of Miches, Dominican Republic', '-68.16760000', '19.70000000'),
('pr16005002', '2016-01-05', '08:48:19', '2.8', 0, '52km NNW of San Antonio, Puerto Rico', '-67.36840000', '18.89060000'),
('pr16005004', '2016-01-05', '12:05:27', '2.5', 0, '2km SSW of Salinas, Puerto Rico', '-66.30720000', '17.96050000'),
('pr16005005', '2016-01-05', '12:20:44', '3.3', 0, '105km N of Vieques, Puerto Rico', '-65.69800000', '19.36820000'),
('pr16005006', '2016-01-05', '17:06:40', '2.5', 0, '2km WSW of Coqui, Puerto Rico', '-66.24650000', '17.96270000'),
('pr16005007', '2016-01-05', '13:41:14', '3.2', 0, '96km N of Road Town, British Virgin Islands', '-64.54750000', '19.28210000'),
('pr16005008', '2016-01-05', '17:33:33', '3.0', 0, '76km N of Road Town, British Virgin Islands', '-64.57950000', '19.11050000'),
('pr16005011', '2016-01-05', '21:01:44', '2.9', 0, '128km NNE of Punta Cana, Dominican Republic', '-68.03300000', '19.68560000'),
('pr16005012', '2016-01-06', '02:29:39', '3.3', 0, '78km N of Road Town, British Virgin Islands', '-64.58360000', '19.12910000'),
('pr16005013', '2016-01-06', '04:01:34', '3.1', 0, '73km N of Road Town, British Virgin Islands', '-64.69830000', '19.07760000'),
('pr16005014', '2016-01-06', '04:03:25', '2.7', 0, '30km WNW of Rincon, Puerto Rico', '-67.52210000', '18.42580000'),
('pr16005015', '2016-01-06', '04:34:01', '3.3', 0, '88km N of Road Town, British Virgin Islands', '-64.54590000', '19.21400000'),
('pr16006000', '2016-01-06', '08:37:37', '3.3', 0, '87km N of Road Town, British Virgin Islands', '-64.67400000', '19.20870000'),
('pr16006001', '2016-01-06', '09:18:21', '3.1', 0, '83km N of Road Town, British Virgin Islands', '-64.60610000', '19.17070000'),
('pr16006005', '2016-01-06', '08:58:33', '3.2', 0, '93km N of Road Town, British Virgin Islands', '-64.68650000', '19.26020000'),
('pr16006006', '2016-01-06', '09:03:18', '2.8', 0, '77km N of Road Town, British Virgin Islands', '-64.55350000', '19.11140000'),
('pr16006007', '2016-01-06', '08:54:30', '3.1', 0, '71km NNE of Road Town, British Virgin Islands', '-64.34510000', '19.00900000'),
('pr16006008', '2016-01-06', '09:10:34', '3.1', 0, '77km N of Road Town, British Virgin Islands', '-64.66110000', '19.11170000'),
('pr16006009', '2016-01-06', '09:31:46', '2.7', 0, '74km N of Road Town, British Virgin Islands', '-64.48720000', '19.08070000'),
('pr16006011', '2016-01-06', '09:40:07', '3.2', 0, '127km N of Charlotte Amalie, U.S. Virgin Islands', '-65.14100000', '19.47520000'),
('pr16006012', '2016-01-06', '09:44:00', '3.3', 0, '81km N of Road Town, British Virgin Islands', '-64.67000000', '19.14780000'),
('pr16006013', '2016-01-06', '09:58:46', '3.2', 0, '82km N of Road Town, British Virgin Islands', '-64.58150000', '19.16080000'),
('pr16006014', '2016-01-06', '10:00:27', '3.1', 0, '78km N of Road Town, British Virgin Islands', '-64.65760000', '19.12500000'),
('pr16006015', '2016-01-06', '11:40:03', '3.2', 0, '84km N of Road Town, British Virgin Islands', '-64.63620000', '19.17550000'),
('pr16006016', '2016-01-06', '10:11:21', '2.7', 0, '75km NNE of Road Town, British Virgin Islands', '-64.47200000', '19.08270000'),
('pr16006017', '2016-01-06', '11:54:30', '2.6', 0, '77km NNE of Road Town, British Virgin Islands', '-64.43730000', '19.09720000'),
('pr16006018', '2016-01-06', '11:51:38', '3.0', 0, '82km N of Road Town, British Virgin Islands', '-64.67600000', '19.16410000'),
('pr16006019', '2016-01-06', '11:59:42', '2.7', 0, '90km N of Brenas, Puerto Rico', '-66.41700000', '19.28300000'),
('pr16006020', '2016-01-06', '12:25:39', '2.8', 0, '81km NNE of Road Town, British Virgin Islands', '-64.42100000', '19.12840000'),
('pr16006021', '2016-01-06', '12:45:11', '3.3', 0, '67km N of Road Town, British Virgin Islands', '-64.71350000', '19.02400000'),
('pr16006022', '2016-01-06', '12:51:22', '3.0', 0, '80km NNW of Road Town, British Virgin Islands', '-64.79100000', '19.12750000'),
('pr16006023', '2016-01-06', '14:15:36', '3.1', 0, '78km N of Road Town, British Virgin Islands', '-64.73210000', '19.11590000'),
('pr16006024', '2016-01-06', '16:32:39', '3.3', 0, '79km N of Road Town, British Virgin Islands', '-64.67450000', '19.13360000'),
('pr16006025', '2016-01-06', '17:11:54', '3.2', 0, '82km N of Road Town, British Virgin Islands', '-64.67350000', '19.15780000'),
('pr16006026', '2016-01-06', '19:05:07', '2.9', 0, '61km N of Road Town, British Virgin Islands', '-64.60820000', '18.97030000'),
('pr16006027', '2016-01-06', '17:17:45', '3.0', 0, '77km N of Road Town, British Virgin Islands', '-64.66520000', '19.11960000'),
('pr16006028', '2016-01-06', '17:33:02', '3.1', 0, '87km N of Road Town, British Virgin Islands', '-64.62040000', '19.21100000'),
('pr16006029', '2016-01-06', '17:51:03', '3.1', 0, '14km NE of Road Town, British Virgin Islands', '-64.52240000', '18.50670000'),
('pr16006030', '2016-01-06', '19:49:52', '3.0', 0, '72km N of Road Town, British Virgin Islands', '-64.61300000', '19.07570000'),
('pr16006031', '2016-01-06', '19:22:53', '2.8', 0, '69km N of Road Town, British Virgin Islands', '-64.66040000', '19.04010000'),
('pr16006032', '2016-01-06', '21:50:42', '3.2', 0, '82km N of Road Town, British Virgin Islands', '-64.66320000', '19.15950000'),
('pr16006033', '2016-01-06', '20:59:39', '2.9', 0, '81km N of Road Town, British Virgin Islands', '-64.66500000', '19.15550000'),
('pr16006035', '2016-01-06', '21:24:17', '2.6', 0, '83km N of Road Town, British Virgin Islands', '-64.58990000', '19.16810000'),
('pr16006036', '2016-01-06', '21:37:19', '2.5', 0, '74km N of Road Town, British Virgin Islands', '-64.60720000', '19.09180000'),
('pr16006037', '2016-01-07', '00:10:32', '2.7', 0, '49km NW of San Antonio, Puerto Rico', '-67.36160000', '18.86240000'),
('pr16006039', '2016-01-07', '02:32:26', '2.7', 0, '70km NNW of Road Town, British Virgin Islands', '-64.75940000', '19.03980000'),
('pr16006040', '2016-01-07', '02:47:24', '3.3', 0, '85km N of Road Town, British Virgin Islands', '-64.67960000', '19.18420000'),
('pr16006041', '2016-01-07', '02:45:38', '2.7', 0, '73km NNW of Road Town, British Virgin Islands', '-64.80890000', '19.05940000'),
('pr16006042', '2016-01-07', '03:57:48', '3.0', 0, '87km NNW of Charlotte Amalie, U.S. Virgin Islands', '-65.18870000', '19.09580000'),
('pr16006043', '2016-01-07', '04:46:21', '2.5', 0, '55km NNE of Punta Cana, Dominican Republic', '-68.29750000', '19.07150000'),
('pr16006044', '2016-01-06', '20:51:04', '2.7', 0, '60km N of Road Town, British Virgin Islands', '-64.62500000', '18.95980000'),
('pr16007000', '2016-01-07', '05:37:01', '2.9', 0, '61km N of Road Town, British Virgin Islands', '-64.59960000', '18.96890000'),
('pr16007001', '2016-01-07', '05:38:39', '2.7', 0, '76km N of Road Town, British Virgin Islands', '-64.66480000', '19.10910000'),
('pr16007002', '2016-01-07', '10:13:54', '2.5', 0, '13km NW of Puerto Real, Puerto Rico', '-67.28020000', '18.15370000'),
('pr16007003', '2016-01-07', '06:24:03', '2.6', 0, '21km W of Rincon, Puerto Rico', '-67.45720000', '18.33180000'),
('pr16007004', '2016-01-07', '06:25:37', '2.7', 0, '80km N of Road Town, British Virgin Islands', '-64.65000000', '19.14100000'),
('pr16007005', '2016-01-07', '08:20:23', '3.0', 0, '74km N of Road Town, British Virgin Islands', '-64.64150000', '19.09350000'),
('pr16007006', '2016-01-07', '08:25:11', '2.5', 0, '82km N of Road Town, British Virgin Islands', '-64.61250000', '19.16390000'),
('pr16007007', '2016-01-07', '12:33:06', '3.4', 0, '82km N of Road Town, British Virgin Islands', '-64.71130000', '19.15410000'),
('pr16007008', '2016-01-07', '12:57:39', '3.4', 0, '82km N of Road Town, British Virgin Islands', '-64.71200000', '19.15740000'),
('pr16007009', '2016-01-07', '13:19:09', '3.7', 0, '56km NNW of Road Town, British Virgin Islands', '-64.73200000', '19.13170000'),
('pr16007010', '2016-01-07', '13:23:16', '3.1', 0, '82km N of Road Town, British Virgin Islands', '-64.65650000', '19.16230000'),
('pr16007011', '2016-01-07', '14:30:04', '3.4', 0, '83km N of Road Town, British Virgin Islands', '-64.65260000', '19.16830000'),
('pr16007012', '2016-01-07', '16:08:48', '3.4', 0, '91km N of Road Town, British Virgin Islands', '-64.62400000', '19.24390000'),
('pr16007013', '2016-01-07', '13:14:07', '2.9', 0, '82km N of Road Town, British Virgin Islands', '-64.63450000', '19.16320000'),
('pr16007014', '2016-01-07', '13:25:10', '3.1', 0, '80km N of Road Town, British Virgin Islands', '-64.66520000', '19.14500000'),
('pr16007015', '2016-01-07', '13:26:31', '2.8', 0, '83km N of Road Town, British Virgin Islands', '-64.71130000', '19.16530000'),
('pr16007016', '2016-01-07', '13:30:52', '3.0', 0, '90km N of Road Town, British Virgin Islands', '-64.74190000', '19.22850000'),
('pr16007017', '2016-01-07', '13:36:00', '3.0', 0, '74km N of Road Town, British Virgin Islands', '-64.71080000', '19.08370000'),
('pr16007018', '2016-01-07', '13:40:41', '2.9', 0, '8km ENE of Road Town, British Virgin Islands', '-64.54160000', '18.45150000'),
('pr16007019', '2016-01-07', '13:56:16', '2.8', 0, '82km N of Road Town, British Virgin Islands', '-64.59700000', '19.16440000'),
('pr16007020', '2016-01-07', '13:58:50', '3.0', 0, '73km N of Road Town, British Virgin Islands', '-64.63890000', '19.08270000'),
('pr16007021', '2016-01-07', '14:01:13', '2.8', 0, '82km N of Road Town, British Virgin Islands', '-64.68500000', '19.16250000'),
('pr16007022', '2016-01-07', '18:29:08', '3.3', 0, '80km N of Road Town, British Virgin Islands', '-64.71700000', '19.13380000'),
('pr16007023', '2016-01-07', '14:02:53', '3.2', 0, '64km N of Road Town, British Virgin Islands', '-64.65240000', '18.99740000'),
('pr16007024', '2016-01-07', '14:17:02', '2.9', 0, '74km N of Road Town, British Virgin Islands', '-64.57100000', '19.08600000'),
('pr16007025', '2016-01-07', '08:42:46', '3.2', 0, '77km N of Road Town, British Virgin Islands', '-64.67780000', '19.11310000'),
('pr16007026', '2016-01-07', '09:07:57', '3.0', 0, '87km N of Road Town, British Virgin Islands', '-64.69550000', '19.20280000'),
('pr16007027', '2016-01-07', '14:18:08', '2.9', 0, '61km N of Road Town, British Virgin Islands', '-64.67740000', '18.96620000'),
('pr16007028', '2016-01-07', '14:21:48', '3.0', 0, '69km N of Road Town, British Virgin Islands', '-64.62240000', '19.04100000'),
('pr16007029', '2016-01-07', '14:34:44', '3.0', 0, '72km N of Road Town, British Virgin Islands', '-64.56510000', '19.06830000'),
('pr16007030', '2016-01-07', '15:23:04', '3.1', 0, '60km N of Road Town, British Virgin Islands', '-64.51110000', '18.95630000'),
('pr16007031', '2016-01-07', '15:28:37', '3.0', 0, '78km N of Road Town, British Virgin Islands', '-64.70450000', '19.12150000'),
('pr16007032', '2016-01-07', '15:30:49', '3.1', 0, '88km N of Road Town, British Virgin Islands', '-64.56150000', '19.21570000'),
('pr16007033', '2016-01-07', '15:38:45', '3.0', 0, '79km N of Road Town, British Virgin Islands', '-64.63070000', '19.13380000'),
('pr16007034', '2016-01-07', '06:33:01', '3.0', 0, '79km N of Road Town, British Virgin Islands', '-64.67150000', '19.13240000'),
('pr16007035', '2016-01-07', '09:17:44', '3.0', 0, '81km N of Road Town, British Virgin Islands', '-64.67840000', '19.15090000'),
('pr16007037', '2016-01-07', '22:49:39', '3.0', 0, '83km N of Road Town, British Virgin Islands', '-64.72380000', '19.16200000'),
('pr16007038', '2016-01-07', '22:50:42', '3.4', 0, '86km N of Road Town, British Virgin Islands', '-64.64490000', '19.19520000'),
('pr16007040', '2016-01-07', '10:49:48', '3.0', 0, '63km NNW of Road Town, British Virgin Islands', '-64.82370000', '18.95770000'),
('pr16007041', '2016-01-07', '10:56:05', '3.1', 0, '76km N of Road Town, British Virgin Islands', '-64.54350000', '19.10260000'),
('pr16007042', '2016-01-07', '11:46:11', '2.5', 0, '66km NNE of Road Town, British Virgin Islands', '-64.46980000', '18.99670000'),
('pr16007043', '2016-01-07', '11:53:56', '2.8', 0, '62km N of Road Town, British Virgin Islands', '-64.66720000', '18.98130000'),
('pr16007044', '2016-01-07', '12:01:59', '2.8', 0, '74km N of Road Town, British Virgin Islands', '-64.67200000', '19.09190000'),
('pr16007045', '2016-01-07', '12:05:31', '2.6', 0, '66km N of Road Town, British Virgin Islands', '-64.63890000', '19.01840000'),
('pr16007047', '2016-01-07', '12:41:05', '2.8', 0, '76km N of Road Town, British Virgin Islands', '-64.47910000', '19.09810000'),
('pr16007048', '2016-01-07', '13:45:59', '2.8', 0, '71km N of Road Town, British Virgin Islands', '-64.62860000', '19.06110000'),
('pr16007049', '2016-01-07', '13:46:48', '2.6', 0, '68km NNW of Road Town, British Virgin Islands', '-64.75350000', '19.01980000'),
('pr16007050', '2016-01-07', '14:14:15', '2.7', 0, '67km N of Road Town, British Virgin Islands', '-64.50630000', '19.02160000'),
('pr16007051', '2016-01-07', '14:39:36', '2.7', 0, '48km NNW of Road Town, British Virgin Islands', '-64.75400000', '18.83230000'),
('pr16007052', '2016-01-07', '15:40:44', '2.8', 0, '81km N of Road Town, British Virgin Islands', '-64.68630000', '19.14550000'),
('pr16007053', '2016-01-07', '16:14:58', '2.7', 0, '62km N of Road Town, British Virgin Islands', '-64.59110000', '18.97850000'),
('pr16007056', '2016-01-07', '16:33:42', '2.8', 0, '71km N of Road Town, British Virgin Islands', '-64.55460000', '19.06030000'),
('pr16007057', '2016-01-07', '16:44:30', '2.7', 0, '74km N of Road Town, British Virgin Islands', '-64.49270000', '19.07670000'),
('pr16007059', '2016-01-07', '18:43:57', '2.8', 0, '82km N of Road Town, British Virgin Islands', '-64.51110000', '19.15600000'),
('pr16007060', '2016-01-07', '18:57:13', '2.8', 0, '82km N of Road Town, British Virgin Islands', '-64.55960000', '19.16090000'),
('pr16007061', '2016-01-07', '19:05:59', '2.9', 0, '77km N of Road Town, British Virgin Islands', '-64.56600000', '19.11650000'),
('pr16007062', '2016-01-07', '19:15:51', '2.5', 0, '66km N of Road Town, British Virgin Islands', '-64.66820000', '19.01540000'),
('pr16007063', '2016-01-07', '19:54:28', '2.8', 0, '80km N of Road Town, British Virgin Islands', '-64.57800000', '19.13850000'),
('pr16007065', '2016-01-07', '21:03:45', '2.5', 0, '82km N of Road Town, British Virgin Islands', '-64.57830000', '19.16060000'),
('pr16007067', '2016-01-08', '05:22:33', '3.4', 0, '84km N of Road Town, British Virgin Islands', '-64.59980000', '19.17910000'),
('pr16007068', '2016-01-07', '22:59:47', '2.9', 0, '83km N of Road Town, British Virgin Islands', '-64.66480000', '19.17250000'),
('pr16007069', '2016-01-07', '23:20:36', '2.9', 0, '62km NNE of Road Town, British Virgin Islands', '-64.49130000', '18.96750000'),
('pr16007070', '2016-01-08', '00:00:31', '2.9', 0, '81km N of Road Town, British Virgin Islands', '-64.58120000', '19.14800000'),
('pr16007071', '2016-01-08', '00:19:52', '2.9', 0, '87km N of Road Town, British Virgin Islands', '-64.62010000', '19.20470000'),
('pr16007072', '2016-01-08', '01:01:53', '2.9', 0, '73km NNE of Road Town, British Virgin Islands', '-64.45990000', '19.06410000'),
('pr16007073', '2016-01-08', '01:03:48', '2.6', 0, '71km N of Road Town, British Virgin Islands', '-64.55890000', '19.06450000'),
('pr16007074', '2016-01-08', '02:32:18', '3.4', 0, '169km NNE of Road Town, British Virgin Islands', '-63.94580000', '19.80590000'),
('pr16007075', '2016-01-08', '03:25:45', '3.0', 0, '66km NE of Road Town, British Virgin Islands', '-64.26240000', '18.91620000'),
('pr16008000', '2016-01-08', '07:39:31', '2.8', 0, '78km N of Tierras Nuevas Poniente, Puerto Rico', '-66.45520000', '19.16880000'),
('pr16008001', '2016-01-08', '16:58:31', '3.3', 0, '84km N of Road Town, British Virgin Islands', '-64.70070000', '19.17350000'),
('pr16008002', '2016-01-08', '12:47:03', '2.9', 0, '77km N of Road Town, British Virgin Islands', '-64.64980000', '19.11490000'),
('pr16008003', '2016-01-08', '13:16:07', '2.9', 0, '77km N of Road Town, British Virgin Islands', '-64.67470000', '19.11520000'),
('pr16008004', '2016-01-08', '14:54:32', '2.8', 0, '43km N of Isabela, Puerto Rico', '-67.04530000', '18.89670000'),
('pr16008005', '2016-01-08', '15:37:56', '2.5', 0, '2km W of Rincon, Puerto Rico', '-67.27610000', '18.33760000'),
('pr16008006', '2016-01-08', '19:17:40', '2.6', 0, '62km N of Isabela, Puerto Rico', '-66.92430000', '19.06180000'),
('pr16008008', '2016-01-09', '00:02:40', '3.0', 0, '45km SE of Boca de Yuma, Dominican Republic', '-68.36750000', '18.04010000'),
('pr16008009', '2016-01-09', '02:41:08', '3.3', 0, '84km N of Road Town, British Virgin Islands', '-64.61360000', '19.17930000'),
('pr16008010', '2016-01-09', '02:50:06', '3.0', 0, '79km N of Tierras Nuevas Poniente, Puerto Rico', '-66.51420000', '19.18260000'),
('pr16008011', '2016-01-09', '04:15:26', '3.5', 0, '59km N of Road Town, British Virgin Islands', '-64.55410000', '18.95350000'),
('pr16008012', '2016-01-09', '00:42:13', '2.6', 0, '85km N of San Antonio, Puerto Rico', '-67.18370000', '19.26350000'),
('pr16008013', '2016-01-09', '04:48:41', '2.9', 0, '77km N of Tierras Nuevas Poniente, Puerto Rico', '-66.48380000', '19.16620000'),
('pr16009000', '2016-01-09', '06:06:11', '3.1', 0, '56km N of Road Town, British Virgin Islands', '-64.62030000', '18.93070000'),
('pr16009001', '2016-01-09', '06:08:34', '2.6', 0, '80km N of Road Town, British Virgin Islands', '-64.58700000', '19.14520000'),
('pr16009002', '2016-01-09', '10:21:13', '2.9', 0, '37km ESE of Esperanza, Puerto Rico', '-65.16780000', '17.92480000'),
('pr16009003', '2016-01-09', '10:00:56', '2.8', 0, '59km N of Road Town, British Virgin Islands', '-64.66950000', '18.95520000'),
('pr16009004', '2016-01-09', '13:35:19', '3.7', 0, '87km NE of Miches, Dominican Republic', '-68.51460000', '19.58760000'),
('pr16009005', '2016-01-09', '12:03:50', '3.1', 0, '82km N of Road Town, British Virgin Islands', '-64.68200000', '19.15550000'),
('pr16009006', '2016-01-09', '12:58:44', '3.0', 0, '58km NNW of San Antonio, Puerto Rico', '-67.38400000', '18.94100000'),
('pr16009009', '2016-01-09', '18:51:59', '3.4', 0, '67km N of Hatillo, Puerto Rico', '-66.78820000', '19.09790000'),
('pr16009011', '2016-01-09', '21:18:01', '2.6', 0, '4km SE of Mayaguez, Puerto Rico', '-67.10260000', '18.17630000'),
('pr16009012', '2016-01-09', '18:06:14', '2.7', 0, '65km NW of San Antonio, Puerto Rico', '-67.49000000', '18.94700000'),
('pr16009013', '2016-01-09', '18:07:00', '2.9', 0, '83km NE of Road Town, British Virgin Islands', '-63.99850000', '18.88340000'),
('pr16009018', '2016-01-10', '00:02:08', '3.3', 0, '97km N of Road Town, British Virgin Islands', '-64.64490000', '19.30100000'),
('pr16009019', '2016-01-10', '00:01:13', '2.5', 0, '58km NNW of Charlotte Amalie, U.S. Virgin Islands', '-65.09380000', '18.85160000'),
('pr16009020', '2016-01-10', '00:03:57', '3.0', 0, '86km N of Road Town, British Virgin Islands', '-64.57840000', '19.19860000'),
('pr16009021', '2016-01-10', '03:29:21', '3.8', 0, '11km S of La Romana, Dominican Republic', '-68.97290000', '18.32570000'),
('pr16009022', '2016-01-10', '03:35:52', '3.5', 0, '50km N of Road Town, British Virgin Islands', '-64.62010000', '18.87220000'),
('pr16009023', '2016-01-10', '03:58:47', '3.1', 0, '81km N of Road Town, British Virgin Islands', '-64.65670000', '19.15250000'),
('pr16009024', '2016-01-10', '05:17:04', '2.6', 0, '10km NW of Puerto Real, Puerto Rico', '-67.26460000', '18.12800000'),
('pr16010000', '2016-01-10', '07:07:30', '2.9', 0, '2km SSW of Vega Alta, Puerto Rico', '-66.34510000', '18.39200000'),
('pr16010001', '2016-01-10', '09:12:46', '2.7', 0, '42km N of Dorado, Puerto Rico', '-66.24740000', '18.84460000'),
('pr16010004', '2016-01-10', '12:19:22', '2.6', 0, '64km W of Puerto Real, Puerto Rico', '-67.79020000', '18.00790000'),
('pr16010005', '2016-01-10', '14:34:08', '3.5', 0, '75km NNE of Luquillo, Puerto Rico', '-65.40790000', '18.99180000'),
('pr16010006', '2016-01-10', '16:44:04', '2.5', 0, '47km NNE of Vieques, Puerto Rico', '-65.70800000', '18.84020000'),
('pr16010007', '2016-01-10', '17:27:11', '3.1', 0, '72km N of San Juan, Puerto Rico', '-66.05500000', '19.12150000'),
('se60099627', '2016-01-04', '16:45:20', '2.6', 0, '11km NNE of Fincastle, Tennessee', '-84.01550000', '36.50566670'),
('us10004azw', '2016-01-03', '13:21:26', '2.5', 0, '7km ENE of Edmond, Oklahoma', '-97.39800000', '35.68190000'),
('us10004b08', '2016-01-03', '15:25:25', '4.7', 0, '49km WSW of Attu Station, Alaska', '172.51620000', '52.66250000'),
('us10004b0e', '2016-01-03', '16:45:24', '2.8', 0, '18km ENE of Mooreland, Oklahoma', '-99.02160000', '36.51590000'),
('us10004b12', '2016-01-03', '20:09:27', '4.8', 0, '222km SE of Iwo Jima, Japan', '142.59310000', '23.13710000'),
('us10004b17', '2016-01-03', '21:14:31', '4.6', 0, '12km NE of Luocheng, China', '104.13090000', '29.45380000'),
('us10004b1b', '2016-01-03', '22:17:00', '2.7', 0, '7km ENE of Edmond, Oklahoma', '-97.39950000', '35.67960000'),
('us10004b1c', '2016-01-03', '22:17:32', '4.1', 0, '77km ESE of Lab-Sar, Afghanistan', '67.56290000', '35.65450000'),
('us10004b1e', '2016-01-03', '22:21:54', '4.7', 0, '85km E of Port-Olry, Vanuatu', '167.82650000', '-14.90350000'),
('us10004b1l', '2016-01-03', '22:37:57', '4.2', 0, '148km N of Tanahmerah, Indonesia', '140.07250000', '-4.75540000'),
('us10004b21', '2016-01-04', '02:26:28', '2.7', 0, '14km W of Stillwater, Oklahoma', '-97.21810000', '36.11050000'),
('us10004b27', '2016-01-04', '03:08:49', '3.3', 0, '14km WSW of Stillwater, Oklahoma', '-97.21400000', '36.06950000'),
('us10004b2n', '2016-01-04', '04:35:22', '6.7', 0, '29km W of Imphal, India', '93.65560000', '24.83390000'),
('us10004b3a', '2016-01-04', '05:37:53', '4.6', 0, '45km ENE of Castlepoint, New Zealand', '176.72480000', '-40.76000000'),
('us10004b3m', '2016-01-04', '07:21:07', '4.3', 0, '33km SSE of Salina Cruz, Mexico', '-95.11510000', '15.87990000'),
('us10004b3q', '2016-01-04', '07:26:32', '4.7', 0, '26km SSE of Salina Cruz, Mexico', '-95.08720000', '15.95680000'),
('us10004b3y', '2016-01-04', '08:04:33', '4.6', 0, 'West Chile Rise', '-96.12430000', '-36.88660000'),
('us10004b41', '2016-01-04', '08:35:47', '4.3', 0, '50km E of Bandar-e Lengeh, Iran', '55.39100000', '26.57270000'),
('us10004b4b', '2016-01-04', '10:03:09', '2.5', 0, '27km E of Cherokee, Oklahoma', '-98.05130000', '36.72080000'),
('us10004b4p', '2016-01-04', '11:24:58', '2.6', 0, '15km W of Stillwater, Oklahoma', '-97.22660000', '36.08940000'),
('us10004b5i', '2016-01-04', '15:15:04', '2.8', 0, '13km W of Stillwater, Oklahoma', '-97.20870000', '36.09520000'),
('us10004b5k', '2016-01-04', '15:50:58', '3.0', 0, '14km NNE of Langston, Oklahoma', '-97.21780000', '36.07530000'),
('us10004b5m', '2016-01-04', '15:57:07', '4.7', 0, '154km E of Yining Xian, China', '83.12640000', '43.61810000'),
('us10004b62', '2016-01-04', '17:53:24', '3.2', 0, '11km W of Stillwater, Oklahoma', '-97.18550000', '36.10790000'),
('us10004b6a', '2016-01-04', '18:13:02', '3.0', 0, '12km W of Stillwater, Oklahoma', '-97.19770000', '36.09450000'),
('us10004b6h', '2016-01-04', '19:23:14', '4.9', 0, '64km SE of Haebaru, Japan', '128.31670000', '25.91870000'),
('us10004b6i', '2016-01-04', '19:26:11', '4.8', 0, '106km SSE of Delingha Shi, China', '97.64000000', '36.43600000'),
('us10004b6k', '2016-01-04', '20:06:13', '5.2', 0, '60km N of Claveria, Philippines', '121.02660000', '19.15430000'),
('us10004b74', '2016-01-04', '20:29:11', '4.5', 0, '8km ESE of Santa Isabel, Venezuela', '-70.73610000', '9.61310000'),
('us10004b7x', '2016-01-04', '20:46:11', '4.3', 0, '72km WSW of Ovalle, Chile', '-71.89470000', '-30.86710000'),
('us10004b81', '2016-01-04', '21:34:33', '3.5', 0, '16km ENE of Broken Bow, Nebraska', '-99.46800000', '41.47850000'),
('us10004baq', '2016-01-04', '22:46:57', '2.9', 0, '13km WSW of Stillwater, Oklahoma', '-97.20470000', '36.07530000'),
('us10004bau', '2016-01-04', '22:49:59', '4.5', 0, '79km NW of Itbayat, Philippines', '121.40220000', '21.37960000'),
('us10004bb9', '2016-01-04', '23:30:55', '4.7', 0, '15km SW of Nidri, Greece', '20.59170000', '38.60370000'),
('us10004bcw', '2016-01-05', '02:35:55', '4.4', 0, '16km S of Piedecuesta, Colombia', '-73.05500000', '6.83520000'),
('us10004bd5', '2016-01-05', '02:39:03', '4.6', 0, '26km SSW of Sinabang, Indonesia', '96.29870000', '2.25450000'),
('us10004bd8', '2016-01-05', '02:35:39', '4.6', 0, '113km SSW of Biha, Indonesia', '103.74030000', '-6.31490000'),
('us10004bda', '2016-01-05', '02:44:49', '4.3', 0, '58km WNW of San Antonio de los Cobres, Argentina', '-66.85450000', '-24.03400000'),
('us10004bdz', '2016-01-05', '05:27:45', '4.7', 0, '32km SE of Opotiki, New Zealand', '177.50850000', '-38.31730000'),
('us10004bec', '2016-01-05', '06:20:07', '2.6', 0, '27km NE of Helena, Oklahoma', '-98.04610000', '36.71980000'),
('us10004bee', '2016-01-05', '06:11:24', '4.0', 0, '115km N of Lanos, Indonesia', '120.20810000', '-7.25300000'),
('us10004bei', '2016-01-05', '06:48:48', '4.8', 0, '20km SSE of Agrihan, Northern Mariana Islands', '145.75440000', '18.60310000'),
('us10004bel', '2016-01-05', '07:28:22', '5.0', 0, '70km S of Salina Cruz, Mexico', '-95.18150000', '15.52700000'),
('us10004ben', '2016-01-05', '07:51:12', '5.8', 0, '172km E of Nishinoomote, Japan', '132.80070000', '30.64190000'),
('us10004beq', '2016-01-05', '07:55:22', '4.1', 0, '38km NE of Pucallpa, Peru', '-74.32980000', '-8.11590000'),
('us10004bet', '2016-01-05', '08:40:49', '4.6', 0, '232km E of Saipan, Northern Mariana Islands', '147.90900000', '15.40980000'),
('us10004bfa', '2016-01-03', '16:34:36', '4.4', 0, '38km W of Mendoza, Argentina', '-69.22920000', '-32.95690000'),
('us10004bfp', '2016-01-05', '10:58:30', '5.2', 0, '229km NNW of Saumlaki, Indonesia', '130.61430000', '-5.99890000'),
('us10004bg6', '2016-01-05', '12:47:13', '4.1', 0, '42km S of Pissouri, Cyprus', '32.72040000', '34.28410000'),
('us10004bg7', '2016-01-05', '12:50:49', '4.6', 0, '91km SE of Yunaska Island, Alaska', '-169.68750000', '52.08780000'),
('us10004bgk', '2016-01-05', '15:04:15', '5.4', 0, 'Pacific-Antarctic Ridge', '-136.14090000', '-54.33670000'),
('us10004bgp', '2016-01-05', '16:03:41', '4.9', 0, '51km E of Bristol Island, South Sandwich Islands', '-25.62260000', '-59.06950000'),
('us10004bj4', '2016-01-05', '20:03:40', '4.7', 0, '49km NE of Gueiria, Venezuela', '-62.03990000', '10.94660000'),
('us10004bkd', '2016-01-05', '23:15:55', '4.1', 0, '81km E of Iquique, Chile', '-69.37460000', '-20.08090000'),
('us10004bkl', '2016-01-06', '00:10:25', '4.9', 0, '73km W of Meulaboh, Indonesia', '95.47080000', '4.19370000'),
('us10004bkx', '2016-01-06', '01:16:11', '4.7', 0, '297km ESE of Ofunato, Japan', '144.53050000', '37.56690000'),
('us10004bl1', '2016-01-06', '01:18:07', '4.7', 0, '35km NNE of Lae, Papua New Guinea', '147.13750000', '-6.44310000'),
('us10004bl8', '2016-01-06', '01:18:10', '4.6', 0, '197km NE of Sola, Vanuatu', '169.05460000', '-12.88160000'),
('us10004blk', '2016-01-06', '02:01:22', '5.0', 0, '25km ENE of San Isidro, Philippines', '126.27090000', '10.13570000'),
('us10004bll', '2016-01-06', '02:06:16', '5.2', 0, '19km NE of San Isidro, Philippines', '126.21160000', '10.13470000'),
('us10004blx', '2016-01-06', '03:22:00', '4.8', 0, '149km SSE of Muara Siberut, Indonesia', '99.87460000', '-2.77260000'),
('us10004bm0', '2016-01-06', '03:29:50', '5.9', 0, '210km NW of Farallon de Pajaros, Northern Mariana Islands', '143.67290000', '22.04950000'),
('us10004bm4', '2016-01-06', '03:35:01', '4.9', 0, 'Northern Mid-Atlantic Ridge', '-45.65810000', '23.58910000'),
('us10004bmj', '2016-01-06', '04:41:50', '4.2', 0, '23km SSW of Kefalos, Greece', '26.83560000', '36.55910000'),
('us10004bnf', '2016-01-06', '06:30:23', '2.5', 0, '7km E of Edmond, Oklahoma', '-97.39490000', '35.66230000'),
('us10004bnk', '2016-01-06', '06:47:05', '2.6', 0, '7km ENE of Edmond, Oklahoma', '-97.40040000', '35.68000000'),
('us10004bnl', '2016-01-06', '06:58:22', '4.5', 0, '16km SW of Santa Maria, Colombia', '-75.76010000', '2.85620000'),
('us10004bnm', '2016-01-06', '07:00:01', '5.1', 0, '22km ENE of Sungjibaegam, North Korea', '129.04930000', '41.30800000'),
('us10004bnr', '2016-01-06', '07:12:54', '2.5', 0, '26km E of Cherokee, Oklahoma', '-98.06040000', '36.73720000'),
('us10004bpf', '2016-01-06', '10:41:56', '4.7', 0, '181km NNW of Arawa, Papua New Guinea', '154.62970000', '-4.84150000'),
('us10004bph', '2016-01-06', '10:28:56', '5.3', 0, 'Pacific-Antarctic Ridge', '-136.80920000', '-54.47240000'),
('us10004bpl', '2016-01-06', '11:49:25', '3.8', 0, '28km NW of Fairview, Oklahoma', '-98.67640000', '36.47050000'),
('us10004bps', '2016-01-06', '12:21:39', '3.1', 0, '7km NE of Edmond, Oklahoma', '-97.41350000', '35.68900000'),
('us10004bpz', '2016-01-06', '13:15:01', '4.9', 0, '147km NNW of Arawa, Papua New Guinea', '154.90890000', '-5.03760000'),
('us10004bqx', '2016-01-06', '16:10:29', '2.9', 0, '26km WSW of Medford, Oklahoma', '-98.00540000', '36.70500000'),
('us10004bsb', '2016-01-06', '17:03:53', '4.3', 0, '106km NNW of Nggilat, Indonesia', '119.93390000', '-7.39740000'),
('us10004bt4', '2016-01-06', '18:11:08', '4.6', 0, '54km NNW of Tocopilla, Chile', '-70.31010000', '-21.61130000'),
('us10004bt7', '2016-01-06', '18:15:35', '2.8', 0, '36km W of Raton, New Mexico', '-104.84880000', '36.93520000'),
('us10004bt8', '2016-01-06', '18:21:12', '2.8', 0, '6km ENE of Edmond, Oklahoma', '-97.42060000', '35.68140000'),
('us10004btc', '2016-01-06', '18:48:55', '5.3', 0, '87km S of Salina Cruz, Mexico', '-95.20230000', '15.37820000'),
('us10004bui', '2016-01-06', '18:39:07', '4.6', 0, '1km WSW of Cimarelang, Indonesia', '106.52480000', '-7.26720000'),
('us10004bve', '2016-01-06', '20:56:12', '3.7', 0, '30km NW of Fairview, Oklahoma', '-98.69000000', '36.48030000'),
('us10004bw6', '2016-01-07', '00:14:46', '4.4', 0, '16km WSW of Maratea, Italy', '15.55910000', '39.91800000'),
('us10004bwx', '2016-01-07', '02:53:20', '4.6', 0, '90km WSW of Vinchina, Argentina', '-69.01320000', '-29.16450000'),
('us10004bxl', '2016-01-07', '04:34:58', '4.2', 0, '7km S of Npongge, Indonesia', '118.30260000', '-8.62470000'),
('us10004byd', '2016-01-07', '06:50:55', '2.5', 0, '5km ENE of Edmond, Oklahoma', '-97.42270000', '35.67870000'),
('us10004byj', '2016-01-07', '07:45:07', '3.2', 0, '6km ENE of Edmond, Oklahoma', '-97.40950000', '35.67520000'),
('us10004bz1', '2016-01-07', '09:57:28', '4.4', 0, '31km NW of Fairview, Oklahoma', '-98.72970000', '36.47260000'),
('us10004bz5', '2016-01-07', '09:57:58', '4.8', 0, '32km NW of Fairview, Oklahoma', '-98.71420000', '36.49310000'),
('us10004bz6', '2016-01-07', '10:07:22', '3.4', 0, '33km S of Alva, Oklahoma', '-98.70580000', '36.50670000'),
('us10004bz7', '2016-01-07', '10:19:47', '3.4', 0, '30km NW of Fairview, Oklahoma', '-98.72030000', '36.46660000'),
('us10004bze', '2016-01-07', '10:49:48', '3.3', 0, '25km NNW of Fairview, Oklahoma', '-98.59570000', '36.47850000'),
('us10004bzn', '2016-01-07', '11:07:48', '3.0', 0, '31km NW of Fairview, Oklahoma', '-98.71590000', '36.47400000'),
('us10004bzz', '2016-01-07', '11:33:28', '3.2', 0, '31km S of Alva, Oklahoma', '-98.68310000', '36.52210000'),
('us10004c02', '2016-01-07', '11:36:08', '4.6', 0, '103km SSW of Ndoi Island, Fiji', '-179.25410000', '-21.42700000'),
('us10004c04', '2016-01-07', '11:50:18', '2.6', 0, '30km NW of Fairview, Oklahoma', '-98.71290000', '36.46820000'),
('us10004c06', '2016-01-07', '12:08:34', '3.5', 0, '32km NW of Fairview, Oklahoma', '-98.72130000', '36.48230000'),
('us10004c07', '2016-01-07', '12:12:57', '2.8', 0, '5km ENE of Edmond, Oklahoma', '-97.42290000', '35.67350000'),
('us10004c0q', '2016-01-07', '13:20:03', '2.5', 0, '33km NW of Fairview, Oklahoma', '-98.71470000', '36.50090000'),
('us10004c0z', '2016-01-07', '13:32:31', '3.3', 0, '31km NW of Fairview, Oklahoma', '-98.70830000', '36.47960000'),
('us10004c10', '2016-01-07', '13:36:15', '3.7', 0, '30km NW of Fairview, Oklahoma', '-98.71570000', '36.46400000'),
('us10004c1m', '2016-01-07', '14:07:11', '4.0', 0, '27km NW of Fairview, Oklahoma', '-98.66620000', '36.47120000'),
('us10004c25', '2016-01-07', '15:03:22', '2.9', 0, '30km NNW of Fairview, Oklahoma', '-98.66840000', '36.49760000'),
('us10004c2b', '2016-01-07', '15:42:52', '2.8', 0, '30km NW of Fairview, Oklahoma', '-98.72300000', '36.45960000'),
('us10004c2g', '2016-01-07', '16:18:17', '3.0', 0, '30km NW of Fairview, Oklahoma', '-98.69910000', '36.47390000'),
('us10004c2m', '2016-01-07', '16:18:41', '3.5', 0, '31km NW of Fairview, Oklahoma', '-98.73710000', '36.45590000'),
('us10004c2p', '2016-01-07', '16:20:31', '5.1', 0, 'North of Ascension Island', '-15.98450000', '-1.00450000'),
('us10004c2v', '2016-01-07', '16:43:17', '2.8', 0, '31km NW of Fairview, Oklahoma', '-98.70810000', '36.48690000'),
('us10004c2x', '2016-01-07', '16:52:00', '2.6', 0, '30km NW of Fairview, Oklahoma', '-98.72340000', '36.46530000'),
('us10004c3g', '2016-01-07', '19:10:59', '3.6', 0, '27km NW of Fairview, Oklahoma', '-98.67920000', '36.46230000'),
('us10004c3w', '2016-01-07', '20:17:03', '2.6', 0, '30km NW of Fairview, Oklahoma', '-98.71940000', '36.46000000'),
('us10004c41', '2016-01-07', '20:25:43', '4.5', 0, '17km NNW of Saposoa, Peru', '-76.85650000', '-6.79950000'),
('us10004c45', '2016-01-07', '20:48:03', '4.9', 0, '85km SE of Farallon de Pajaros, Northern Mariana Islands', '145.53490000', '20.05410000'),
('us10004c46', '2016-01-07', '21:02:45', '4.2', 0, '34km S of Jarm, Afghanistan', '70.81650000', '36.55730000'),
('us10004c4a', '2016-01-07', '21:09:28', '4.6', 0, '24km NNW of Sidomulyo, Indonesia', '122.50700000', '0.84660000'),
('us10004c4b', '2016-01-07', '21:10:43', '5.0', 0, '32km NW of Ancud, Chile', '-74.09860000', '-41.66920000'),
('us10004c5a', '2016-01-06', '22:37:46', '3.5', 0, 'Off the coast of Oregon', '-128.89640000', '44.04470000'),
('us10004c5e', '2016-01-07', '00:59:14', '4.3', 0, 'Mid-Indian Ridge', '68.69100000', '-21.33890000'),
('us10004c5f', '2016-01-06', '23:25:55', '4.3', 0, '38km W of Grande Saline, Haiti', '-73.13430000', '19.23350000'),
('us10004c5t', '2016-01-07', '22:00:58', '2.5', 0, '9km S of Alva, Oklahoma', '-98.67820000', '36.72100000'),
('us10004c68', '2016-01-07', '23:13:17', '4.3', 0, '133km SW of Kota Ternate, Indonesia', '126.69220000', '-0.21160000'),
('us10004c69', '2016-01-07', '23:29:12', '2.6', 0, '20km NNE of Perry, Oklahoma', '-97.19850000', '36.45710000'),
('us10004c6a', '2016-01-07', '23:30:26', '3.1', 0, '31km NW of Fairview, Oklahoma', '-98.73000000', '36.46630000'),
('us10004c6c', '2016-01-08', '00:04:35', '3.3', 0, '29km NW of Fairview, Oklahoma', '-98.70650000', '36.45970000'),
('us10004c6d', '2016-01-08', '00:09:18', '2.7', 0, '30km NW of Fairview, Oklahoma', '-98.72000000', '36.46910000'),
('us10004c6v', '2016-01-08', '00:56:14', '2.5', 0, '30km NW of Fairview, Oklahoma', '-98.68910000', '36.48740000'),
('us10004c72', '2016-01-08', '01:29:44', '4.0', 0, '30km NW of Fairview, Oklahoma', '-98.67820000', '36.49140000'),
('us10004c78', '2016-01-08', '01:52:50', '4.4', 0, '47km SSE of Soe, Indonesia', '124.48210000', '-10.24220000'),
('us10004c7a', '2016-01-08', '01:57:25', '2.5', 0, '31km SSW of Alva, Oklahoma', '-98.74690000', '36.53080000'),
('us10004c7z', '2016-01-08', '03:07:08', '4.5', 0, '105km SSW of Sarangani, Philippines', '124.99090000', '4.57340000'),
('us10004c8n', '2016-01-08', '05:40:04', '2.9', 0, '29km NW of Fairview, Oklahoma', '-98.66960000', '36.48120000'),
('us10004c8z', '2016-01-08', '06:16:28', '2.5', 0, '12km ESE of Pawnee, Oklahoma', '-96.66910000', '36.30980000'),
('us10004c96', '2016-01-08', '06:42:00', '5.6', 0, '46km W of Ovalle, Chile', '-71.67620000', '-30.66130000'),
('us10004c9s', '2016-01-08', '07:23:31', '2.8', 0, '32km NW of Fairview, Oklahoma', '-98.72390000', '36.48430000'),
('us10004ca6', '2016-01-08', '07:47:19', '5.0', 0, '94km NNW of Macusani, Peru', '-70.73970000', '-13.28290000'),
('us10004cak', '2016-01-08', '08:44:19', '4.9', 0, '98km NE of Macusani, Peru', '-69.87240000', '-13.38650000'),
('us10004cam', '2016-01-08', '08:41:28', '4.5', 0, '86km WNW of Coquimbo, Chile', '-72.17220000', '-29.66250000'),
('us10004caw', '2016-01-08', '10:02:46', '4.5', 0, '112km NNW of Kiunga, Papua New Guinea', '140.90620000', '-5.18380000'),
('us10004cb1', '2016-01-08', '10:38:56', '4.8', 0, 'Carlsberg Ridge', '68.16790000', '-2.39600000'),
('us10004cb6', '2016-01-08', '11:07:45', '3.4', 0, '16km SSE of Medford, Oklahoma', '-97.64350000', '36.67640000'),
('us10004cb9', '2016-01-08', '11:19:44', '2.7', 0, '13km ESE of Pawnee, Oklahoma', '-96.65530000', '36.31270000'),
('us10004cbe', '2016-01-08', '13:24:53', '4.4', 0, '52km NNW of Dobo, Indonesia', '134.02170000', '-5.33150000'),
('us10004cbi', '2016-01-08', '14:37:09', '5.0', 0, '32km SSE of Jarm, Afghanistan', '70.93740000', '36.57980000'),
('us10004cbl', '2016-01-08', '14:51:19', '4.7', 0, '76km NE of San Pedro de Atacama, Chile', '-67.76720000', '-22.36660000'),
('us10004cbr', '2016-01-08', '15:24:41', '2.7', 0, '26km WSW of Medford, Oklahoma', '-98.01280000', '36.71510000'),
('us10004cce', '2016-01-08', '17:42:34', '4.8', 0, '41km WNW of Ancud, Chile', '-74.23740000', '-41.66820000'),
('us10004cci', '2016-01-08', '18:37:42', '4.6', 0, '4km NE of Bileca, Bosnia and Herzegovina', '18.47180000', '42.90090000'),
('us10004cck', '2016-01-08', '19:06:29', '4.1', 0, '30km NNW of Fairview, Oklahoma', '-98.67100000', '36.50010000'),
('us10004ccn', '2016-01-08', '19:31:56', '3.7', 0, '31km S of Alva, Oklahoma', '-98.66280000', '36.52050000'),
('us10004cdd', '2016-01-08', '22:16:49', '2.6', 0, '26km NW of Fairview, Oklahoma', '-98.67960000', '36.44980000'),
('us10004cdm', '2016-01-08', '22:27:48', '2.5', 0, '10km W of Helena, Oklahoma', '-98.39030000', '36.56410000'),
('us10004cdn', '2016-01-08', '22:38:42', '3.1', 0, '8km SW of Cherokee, Oklahoma', '-98.42980000', '36.71100000'),
('us10004cea', '2016-01-08', '23:20:04', '3.3', 0, '33km S of Alva, Oklahoma', '-98.71230000', '36.50720000'),
('us10004ced', '2016-01-08', '23:16:31', '4.0', 0, '97km SE of Akutan, Alaska', '-164.66030000', '53.55510000'),
('us10004cef', '2016-01-09', '00:13:14', '3.5', 0, '7km E of Edmond, Oklahoma', '-97.39140000', '35.66320000'),
('us10004ceg', '2016-01-09', '00:11:01', '4.6', 0, '13km S of Los Andes, Chile', '-70.60690000', '-32.95280000'),
('us10004cem', '2016-01-09', '00:26:44', '4.2', 0, '92km SSE of Saparua, Indonesia', '128.93810000', '-4.35750000'),
('us10004cep', '2016-01-09', '00:36:57', '4.3', 0, '75km NNW of Atka, Alaska', '-174.66650000', '52.81470000'),
('us10004cf8', '2016-01-09', '02:14:54', '4.4', 0, '66km WSW of Gerash, Iran', '53.47680000', '27.53540000'),
('us10004cfv', '2016-01-09', '03:24:54', '5.3', 0, '235km WSW of Tomatlan, Mexico', '-107.14900000', '18.79820000'),
('us10004cfx', '2016-01-09', '03:34:18', '2.6', 0, '6km ENE of Edmond, Oklahoma', '-97.41960000', '35.67860000'),
('us10004cg0', '2016-01-09', '03:40:29', '2.7', 0, '31km NW of Fairview, Oklahoma', '-98.73810000', '36.46350000'),
('us10004cg4', '2016-01-09', '03:48:47', '2.5', 0, '29km NW of Fairview, Oklahoma', '-98.70340000', '36.46840000'),
('us10004cg7', '2016-01-09', '03:51:32', '5.4', 1, '68km SSW of Pisangkemeng, Indonesia', '117.65030000', '-9.40940000'),
('us10004cgc', '2016-01-09', '04:22:38', '2.5', 0, '7km N of Edmond, Oklahoma', '-97.46550000', '35.71540000'),
('us10004cgd', '2016-01-09', '04:32:16', '4.0', 0, '12km ESE of Amir Timur, Uzbekistan', '69.07340000', '40.97880000');
INSERT INTO `earthquake` (`id`, `date`, `time`, `magnitude`, `tsunami`, `place`, `longitude`, `latitude`) VALUES
('us10004d22', '2016-01-09', '08:35:26', '4.6', 0, '31km W of Chirundu, Zimbabwe', '28.55530000', '-16.04560000'),
('us10004d4e', '2016-01-09', '14:33:38', '4.5', 0, '117km ENE of Iquique, Chile', '-69.08820000', '-19.85820000'),
('us10004d50', '2016-01-09', '19:42:37', '5.4', 0, '77km SSE of Naze, Japan', '129.69720000', '27.69300000'),
('us10004d58', '2016-01-09', '21:16:40', '2.6', 0, '3km NNW of Cherokee, Oklahoma', '-98.36940000', '36.78310000'),
('us10004d61', '2016-01-10', '00:17:18', '4.6', 0, '16km SE of Caucete, Argentina', '-68.16250000', '-31.75460000'),
('us10004d6e', '2016-01-10', '01:41:31', '4.5', 0, 'Western Indian-Antarctic Ridge', '121.54480000', '-49.26350000'),
('us10004d80', '2016-01-10', '07:10:41', '4.5', 0, '91km ESE of Taron, Papua New Guinea', '153.80800000', '-4.74840000'),
('us10004d81', '2016-01-10', '07:23:45', '4.7', 0, '9km SSW of Enarotali, Indonesia', '136.32440000', '-4.00290000'),
('us10004d82', '2016-01-10', '07:33:31', '3.8', 0, '20km NNE of Snyder, Texas', '-100.86040000', '32.89310000'),
('us10004d8q', '2016-01-10', '10:06:39', '4.8', 0, '38km NE of Tome, Chile', '-72.65910000', '-36.36050000'),
('us10004d8u', '2016-01-10', '10:43:52', '2.5', 0, '12km ESE of Luther, Oklahoma', '-97.06990000', '35.62210000'),
('us10004d8z', '2016-01-10', '11:27:00', '2.6', 0, '11km ESE of Luther, Oklahoma', '-97.07320000', '35.63060000'),
('us10004d91', '2016-01-10', '11:31:54', '4.5', 0, '277km ENE of Dili, East Timor', '128.03350000', '-8.00940000'),
('us10004d98', '2016-01-10', '12:31:58', '2.5', 0, '7km NNW of Langston, Oklahoma', '-97.29490000', '36.00740000'),
('us10004d9q', '2016-01-10', '14:39:16', '4.8', 0, '117km WSW of Panguna, Papua New Guinea', '154.52300000', '-6.76650000'),
('us10004dam', '2016-01-10', '17:42:03', '5.0', 0, 'Pacific-Antarctic Ridge', '-147.86710000', '-57.70950000'),
('us10004dar', '2016-01-10', '18:15:13', '4.9', 0, '278km ESE of Sarangani, Philippines', '127.73690000', '4.33530000'),
('us10004db0', '2016-01-10', '19:03:36', '5.1', 0, '53km NW of Illapel, Chile', '-71.62090000', '-31.34850000'),
('us10004db3', '2016-01-10', '19:27:59', '4.6', 0, '147km S of Kokopo, Papua New Guinea', '152.03670000', '-5.66260000'),
('us10004db9', '2016-01-10', '19:50:12', '4.8', 0, '149km SW of Ceva-i-Ra, Fiji', '173.50780000', '-22.65980000'),
('us10004dbc', '2016-01-10', '20:42:01', '2.8', 0, '16km ENE of Helena, Oklahoma', '-98.08470000', '36.57600000'),
('us10004dbi', '2016-01-10', '21:07:00', '4.3', 0, '41km ESE of Shizunai, Japan', '142.83710000', '42.19630000'),
('us10004dbt', '2016-01-10', '22:40:48', '5.0', 0, '29km ESE of Ndoi Island, Fiji', '-178.44520000', '-20.77360000'),
('us10004dbv', '2016-01-10', '23:10:49', '4.9', 0, '7km SW of Mecidiye, Turkey', '34.34680000', '39.55840000'),
('uu60135412', '2016-01-10', '04:36:14', '3.2', 0, '18km WSW of Enterprise, Utah', '-113.91083330', '37.50100000'),
('uw61116876', '2016-01-05', '20:11:22', '2.6', 0, '9km NE of Bryant, Washington', '-122.06616670', '48.30250000');

--
-- Triggers `earthquake`
--
DROP TRIGGER IF EXISTS `check1`;
DELIMITER //
CREATE TRIGGER `check1` BEFORE INSERT ON `earthquake`
 FOR EACH ROW IF ((SELECT count(*) AS A FROM alert WHERE Disaster_ID=NEW.id)=0
        ) THEN
        IF (NEW.magnitude>3.5 AND NEW.date=CURDATE())
        THEN
        INSERT INTO alert(Table_Name,Disaster_ID) VALUE ('earthquake',NEW.id);
        END IF;
        IF ((SELECT count(*) AS A FROM tsunami WHERE time=NEW.time)=0)
        THEN
        IF (NEW.tsunami='1')
        THEN
        INSERT INTO tsunami(date,time,magnitude,place) VALUE (NEW.date,NEW.time,NEW.magnitude,NEW.place);
        END IF;
        END IF;
END IF
//
DELIMITER ;

-- --------------------------------------------------------

--
-- Table structure for table `employee`
--

CREATE TABLE IF NOT EXISTS `employee` (
  `Emp_ID` int(8) NOT NULL AUTO_INCREMENT,
  `F_Name` varchar(100) NOT NULL,
  `L_Name` varchar(100) NOT NULL,
  `E_nic` varchar(10) NOT NULL,
  `E_email` varchar(50) NOT NULL,
  `E_tel` varchar(12) NOT NULL,
  `E_jobrole` varchar(30) NOT NULL,
  `E_image` blob NOT NULL,
  `E_password` varchar(100) NOT NULL,
  `E_on_off` tinyint(1) NOT NULL,
  `Admin_auth` tinyint(1) NOT NULL,
  PRIMARY KEY (`Emp_ID`)
) ENGINE=InnoDB  DEFAULT CHARSET=latin1 AUTO_INCREMENT=19 ;

--
-- Dumping data for table `employee`
--

INSERT INTO `employee` (`Emp_ID`, `F_Name`, `L_Name`, `E_nic`, `E_email`, `E_tel`, `E_jobrole`, `E_image`, `E_password`, `E_on_off`, `Admin_auth`) VALUES
(1, 'Pasan', 'Madara', '926578935v', 'pm', '3333333333', 'Administrator', '', '$2y$10$CkFzc1DxVFeJ5X8vKsvuBOr2I43zhw6Kzy/7lYjhXbNLkVvZzhHVm', 0, 1),
(2, 'Ashan', 'Maduranga', '928145306v', 'am@gmail.com', '0713456981', 'Executive User', '', '$2y$10$Y0ERw8.od2KqV17dykj0HeKm0sdCkjtOCS88hgnZ8/7F9YoavgyZu', 0, 1),
(3, 'Dilini', 'Madubhashini', '917497439v', 'dm@gmail.com', '0715972341', 'Executive User', '', '$2y$10$DFVNxlW/y34XYvR.A8kADOnj/GqdJ54ZYG1iMuwhe2tI1xExuMdgC', 0, 1),
(4, 'Nathaliya', 'Jawawardana', '936124473v', 'nj@gmail.com', '0716533640', 'Operational User', '', '$2y$10$EKVGX2PrsE5vKb76wdHkoeEPbapqKjEu9zJ2lRZoHnwxHaXwyAbh6', 0, 1),
(5, 'Thushara', 'Dahanayaka', '918549723v', 'td@gmail.com', '0717455630', 'Operational User', '', '$2y$10$Io8POylfD5NOumSACiJX0O3HZoYsfLM9bZ2cW8UV05pCT3ioc7tw.', 0, 1),
(6, 'Imasha', 'Dilshani', '915981378v', 'im@gmail.com', '0715687903', 'Operational User', '', '$2y$10$yQe.Lju4KAvoaZ32fphn7OcxQF8xlOMtdUJEXf7voqFB9LBbnqHpm', 0, 1),
(7, 'Udara', 'Supun', '927952389v', 'us@gmail.com', '0783274321', 'General User', '', '$2y$10$Lv0mmoCbAKVPQ4w1prYhUeQj8QWNf95Oloe9EjSa7cmm0Hh43uPdu', 0, 1),
(8, 'Dilushika', 'Weerawardhana', '937653391v', 'dw@gmail.com', '0726482256', 'General User', '', '$2y$10$G1RjaqoEdf/3JF0jzH6lGOV4YXrS7pxLQrlMC8lJdXYkrN7u8kdGi', 0, 1),
(10, 'Dinuka', 'Dhaneshani', '938712439v', 'dd@gmail.com', '0714386132', 'General User', '', '$2y$10$jYETz1dBDE0x3JMU2pagGe4g/R7xdgMhlY4MaoneBqNMWv6jttK06', 0, 1);

-- --------------------------------------------------------

--
-- Table structure for table `external_authority`
--

CREATE TABLE IF NOT EXISTS `external_authority` (
  `Auth_ID` int(5) NOT NULL AUTO_INCREMENT,
  `Auth_newid` varchar(8) COLLATE utf8_bin NOT NULL,
  `Auth_name` varchar(255) COLLATE utf8_bin NOT NULL,
  `Auth_tel` varchar(255) COLLATE utf8_bin NOT NULL,
  `Auth_address` varchar(255) COLLATE utf8_bin NOT NULL,
  `Auth_email` varchar(255) COLLATE utf8_bin NOT NULL,
  PRIMARY KEY (`Auth_ID`)
) ENGINE=InnoDB  DEFAULT CHARSET=utf8 COLLATE=utf8_bin AUTO_INCREMENT=35 ;

--
-- Dumping data for table `external_authority`
--

INSERT INTO `external_authority` (`Auth_ID`, `Auth_newid`, `Auth_name`, `Auth_tel`, `Auth_address`, `Auth_email`) VALUES
(15, 'Auth_new', 'Ministry of Fisheries and Aquatic Resource Department', '0112446183', 'State Government Office, Sevana Mawatha', 'mclfenando@gmail.com'),
(16, 'Auth_new', 'Department of Meteorology', '0112694846', '383, Bauddhaloka Mawatha, Colombo 07', 'meteogov@gmail.com'),
(17, 'Auth_new', 'Irrigation Department', '0112584984', '230, Bauddhaloka Mawatha, Colombo 07', 'dir_gen@irrigation.slt.lk'),
(18, 'Auth_new', 'Department of Coast Conservation', '0112449754', '4th Floor,New Secretariat  Maligawatta, Colombo 10', 'coastalgov@gmail.lk'),
(20, 'Auth_new', 'Sri Lanka Telecom ', '0112021000', 'Lotus Road, P.O.Box 503, Colombo 1', 'sltnet@gmail.com'),
(21, 'Auth_new', 'Mahaweli Authority of Sri Lanka', '0112687491', 'No.500, T.B. Jayah Mawatha, Colombo 10', 'mahaweliaut@gmail.com'),
(22, 'Auth_new', 'Colombo Municipal Council & Fire Brigade', '0113098234', 'T B Jaya Mawatha, Colombo', 'cmcfb@gmail.com'),
(23, 'Auth_new', 'National Water Supply & Drainage Board', '0112611589', 'Galle Road, Ratmalana.', 'nwsdbch@sltnet.lk'),
(24, 'Auth_new', 'Atomic Energy Authority', '0112533448', ' New Kelani Bridge Road, Colombo', 'officialmail@aeb.gov.lk'),
(25, 'Auth_new', 'Central Environmental Authority', '0117877275', '104, Denzil Kobbekaduwa Mawatha,Battaramulla', 'cenaut@gmail.lk'),
(26, 'Auth_new', 'Department of Social Services', '0112187050', '2nd Floor, Stage II,Sethsiripaya, Battaramulla', 'dirss@sltnet.lk'),
(27, 'Auth_new', 'Urban Development Authority', '0112875916', '27 D R Wijewardena Mw, Colombo 10', 'info@uda.lk'),
(28, 'Auth_new', 'Disaster Relief Services Unit ', '0112665407', 'Vidya Mawatha Colombo 7', 'drsunit@gmail.com'),
(29, 'Auth_new', 'Emergency Operation Centre', '0112577642', 'colobo 8', 'emgoc@gmail.lk'),
(30, 'Auth_new', 'External Resources Department', '0112484500', '3rd Floor, The Treasury  Secretariat  Building, Colombo 01', 'dg@erd.gov.lk'),
(31, 'Auth_new', 'National Building Research Organisation', '0112588946', '99/1 Jawatta Road Colombo 05', 'info@nbro.gov.lk'),
(32, 'Auth_new', 'Ministry of Urban Development & Water Supply', '0112868001', 'No. 03, Sri Jayawardenapura Mawatha Welikada Rajagiriya', 'sllrdcgm@sltnet.lk'),
(33, 'Auth_new', 'Ministry of Healthcare and Nutrition ', '0112698517', '385, Rev. Baddegama Wimalawansa Thero MW, Colombo 10', 'secretary@health.gov.lk'),
(34, 'Auth_new', 'Ministry Of Environment', '0112730808', '82, Sampathpaya , Rajamalwatta MW, Baththaramulla.', 'secretary@environmentmin.gov.lk');

--
-- Triggers `external_authority`
--
DROP TRIGGER IF EXISTS `externalauthorityid`;
DELIMITER //
CREATE TRIGGER `externalauthorityid` BEFORE INSERT ON `external_authority`
 FOR EACH ROW SET NEW.Auth_newid=CONCAT('Auth_newid',NEW.Auth_newid)
//
DELIMITER ;

-- --------------------------------------------------------

--
-- Table structure for table `flood`
--

CREATE TABLE IF NOT EXISTS `flood` (
  `id` int(8) NOT NULL AUTO_INCREMENT,
  `rel_table` varchar(20) NOT NULL,
  `station` varchar(20) NOT NULL,
  `river_basin` varchar(50) NOT NULL,
  `rb_ID` varchar(10) NOT NULL,
  `longitude` decimal(11,8) NOT NULL,
  `latitude` decimal(10,8) NOT NULL,
  `flood_type` varchar(20) NOT NULL,
  PRIMARY KEY (`id`)
) ENGINE=InnoDB  DEFAULT CHARSET=latin1 AUTO_INCREMENT=20 ;

--
-- Dumping data for table `flood`
--

INSERT INTO `flood` (`id`, `rel_table`, `station`, `river_basin`, `rb_ID`, `longitude`, `latitude`, `flood_type`) VALUES
(19, 'rainfall', 'Pitabeddara', 'Nilwala Ganga', 'RB 12', '6.20138889', '80.47333333', 'MAJOR FLOOD');

--
-- Triggers `flood`
--
DROP TRIGGER IF EXISTS `flood_alert`;
DELIMITER //
CREATE TRIGGER `flood_alert` AFTER INSERT ON `flood`
 FOR EACH ROW INSERT INTO alert(Table_Name,Disaster_ID) VALUE ('flood',NEW.id)
//
DELIMITER ;

-- --------------------------------------------------------

--
-- Table structure for table `landslide`
--

CREATE TABLE IF NOT EXISTS `landslide` (
  `id` int(10) NOT NULL AUTO_INCREMENT,
  `Date` date NOT NULL,
  `time` time NOT NULL,
  `longitude` decimal(11,8) NOT NULL,
  `latitude` decimal(10,8) NOT NULL,
  `place` varchar(50) NOT NULL,
  `effective_area` varchar(10) NOT NULL,
  PRIMARY KEY (`id`)
) ENGINE=InnoDB DEFAULT CHARSET=latin1 AUTO_INCREMENT=1 ;

-- --------------------------------------------------------

--
-- Table structure for table `message`
--

CREATE TABLE IF NOT EXISTS `message` (
  `id` int(8) NOT NULL AUTO_INCREMENT,
  `msg_time` datetime NOT NULL,
  `msg_date` datetime NOT NULL,
  `to_user` varchar(30) COLLATE utf8_bin NOT NULL,
  `from_user` varchar(30) COLLATE utf8_bin NOT NULL,
  `read_status` varchar(4) COLLATE utf8_bin NOT NULL,
  `deleted` varchar(4) COLLATE utf8_bin NOT NULL,
  `sent_deleted` varchar(4) COLLATE utf8_bin NOT NULL,
  `message` varchar(1000) COLLATE utf8_bin NOT NULL,
  PRIMARY KEY (`id`)
) ENGINE=InnoDB  DEFAULT CHARSET=utf8 COLLATE=utf8_bin AUTO_INCREMENT=28 ;

--
-- Dumping data for table `message`
--

INSERT INTO `message` (`id`, `msg_time`, `msg_date`, `to_user`, `from_user`, `read_status`, `deleted`, `sent_deleted`, `message`) VALUES
(9, '0000-00-00 00:00:00', '0000-00-00 00:00:00', '916191197v ', '926578935v', 'yes', 'yes', '', 'Hiiii Dr'),
(10, '0000-00-00 00:00:00', '0000-00-00 00:00:00', '926578935v', '916191197v ', '', '', 'yes', 'Hiiiiiiiiiiii'),
(11, '0000-00-00 00:00:00', '0000-00-00 00:00:00', '916191197v ', '926578935v', '', '', 'yes', 'How are you ??'),
(12, '0000-00-00 00:00:00', '0000-00-00 00:00:00', '926578935v', 'Dilini', 'no', '', 'yes', 'Hiiiiiiiiii Natty'),
(13, '0000-00-00 00:00:00', '0000-00-00 00:00:00', '916191197v ', '926578935v', 'yes', 'no', 'no', 'Really'),
(14, '0000-00-00 00:00:00', '0000-00-00 00:00:00', 'Natty', 'Dilini', 'no', 'no', 'no', 'Heloooooooooooooooo'),
(15, '0000-00-00 00:00:00', '0000-00-00 00:00:00', '916191197v ', '926578935v', 'no', 'no', 'no', 'Hellooooo'),
(16, '0000-00-00 00:00:00', '0000-00-00 00:00:00', 'Thushara', 'Dilini', 'no', 'no', 'no', 'Hellooooo'),
(17, '0000-00-00 00:00:00', '0000-00-00 00:00:00', '926578935v', '916191197v ', 'no', 'no', 'yes', 'fff'),
(18, '0000-00-00 00:00:00', '0000-00-00 00:00:00', 'Ashan', 'Dilini', 'no', 'no', 'no', 'Hiii Ashan !!! :P'),
(19, '0000-00-00 00:00:00', '0000-00-00 00:00:00', '916191197v ', '926578935v', 'no', 'no', 'no', 'Send it'),
(20, '0000-00-00 00:00:00', '0000-00-00 00:00:00', '926578935v', '916191197v ', 'no', 'no', 'no', 'Where are you?'),
(21, '0000-00-00 00:00:00', '0000-00-00 00:00:00', 'Natty', 'Dilini', 'no', 'no', 'no', 'Job done!'),
(22, '0000-00-00 00:00:00', '0000-00-00 00:00:00', 'Dilini', 'Dilini', 'no', 'yes', 'no', 'Helooooo'),
(23, '0000-00-00 00:00:00', '0000-00-00 00:00:00', '926578935v', '916191197v ', 'no', 'yes', 'no', 'rrrrrrrr'),
(24, '0000-00-00 00:00:00', '0000-00-00 00:00:00', 'Dilini', 'Dilini', 'no', 'yes', 'no', 'Ithin ita passe??'),
(25, '0000-00-00 00:00:00', '0000-00-00 00:00:00', 'Dilini', 'Dilini', 'no', 'no', 'no', 'Ithin ita passe??'),
(26, '0000-00-00 00:00:00', '0000-00-00 00:00:00', '', '926578935v', 'no', 'no', 'no', '123'),
(27, '0000-00-00 00:00:00', '0000-00-00 00:00:00', '', '926578935v', 'no', 'no', 'no', '123');

--
-- Triggers `message`
--
DROP TRIGGER IF EXISTS `msgid`;
DELIMITER //
CREATE TRIGGER `msgid` BEFORE INSERT ON `message`
 FOR EACH ROW SET NEW.id=CONCAT('Msg_',NEW.id)
//
DELIMITER ;

-- --------------------------------------------------------

--
-- Table structure for table `notification`
--

CREATE TABLE IF NOT EXISTS `notification` (
  `Notification_ID` int(8) NOT NULL AUTO_INCREMENT,
  `validation` varchar(8) COLLATE utf8_bin NOT NULL,
  `Email_ID` int(8) NOT NULL,
  `Web_ID` int(8) NOT NULL,
  PRIMARY KEY (`Notification_ID`),
  KEY `Web_ID` (`Web_ID`),
  KEY `Email_ID` (`Email_ID`)
) ENGINE=InnoDB DEFAULT CHARSET=utf8 COLLATE=utf8_bin AUTO_INCREMENT=1 ;

--
-- Triggers `notification`
--
DROP TRIGGER IF EXISTS `notifyid`;
DELIMITER //
CREATE TRIGGER `notifyid` BEFORE INSERT ON `notification`
 FOR EACH ROW SET NEW.Notification_ID=CONCAT('Not_',NEW.Notification_ID)
//
DELIMITER ;

-- --------------------------------------------------------

--
-- Table structure for table `rainfall`
--

CREATE TABLE IF NOT EXISTS `rainfall` (
  `id` varchar(50) NOT NULL,
  `station` varchar(50) NOT NULL,
  `basin` varchar(100) NOT NULL,
  `rb_id` varchar(50) NOT NULL,
  `latitude` decimal(10,8) NOT NULL,
  `longitude` decimal(11,8) NOT NULL,
  `rain_fall` varchar(10) NOT NULL,
  PRIMARY KEY (`station`)
) ENGINE=InnoDB DEFAULT CHARSET=latin1;

--
-- Dumping data for table `rainfall`
--

INSERT INTO `rainfall` (`id`, `station`, `basin`, `rb_id`, `latitude`, `longitude`, `rain_fall`) VALUES
('Attanagalla', 'Attanagalla', 'Attanagalu Oya', 'RB 103', '7.11166667', '80.14983333', '0.00'),
('Badalgama', 'Badalgama', 'Maha Oya', 'RB 102', '7.31500000', '80.00444444', '0.00'),
('Baddegama', 'Baddegama', 'Gin Ganga', 'RB 09', '6.17333333', '80.17361111', '0.00'),
('Deraniyagala', 'Deraniyagala', 'Kelani Ganga', 'RB 01', '6.92444444', '80.33805556', '0.00'),
('Dunamale', 'Dunamale', 'Attanagalu Oya', 'RB 103', '7.09222222', '79.99138889', '0.00'),
('Ellagawa', 'Ellagawa', 'Kalu Ganga', 'RB 03', '6.73166667', '80.21783333', '-'),
('Galgamuwa', 'Galgamuwa', 'Mee Oya', 'RB 95', '7.96805556', '80.25861111', '0.00'),
('Giriulla', 'Giriulla', 'Maha Oya', 'RB 102', '7.32472222', '80.11555556', '0.00'),
('Glencourse', 'Glencourse', 'Kelani Ganga', 'RB 01', '6.97805556', '80.20305556', '0.00'),
('Hanwella', 'Hanwella', 'Kelani Ganga', 'RB 01', '6.90972222', '80.08166667', '0.00'),
('Holombuwa', 'Holombuwa', 'Kelani Ganga', 'RB 01', '7.18516667', '80.26480556', '0.00'),
('Horowpatana', 'Horowpatana', 'Yan Oya', 'RB 67', '8.57750000', '80.87833333', '0.00'),
('Kitulgala', 'Kitulgala', 'Kelani Ganga', 'RB 01', '6.98916667', '80.41777778', '0.00'),
('', 'Kuda', 'Kirindi Oya', 'RB 22', '6.52305556', '81.12333333', ''),
('', 'Laggala', 'Mahaweli Ganga', 'RB 60', '7.54416667', '80.83444444', ''),
('Manampitiya', 'Manampitiya', 'Mahaweli Ganga', 'RB 60', '7.91250000', '81.08888889', '0.00'),
('Millakanda', 'Millakanda', 'Kalu Ganga', 'RB 03', '6.63055556', '80.15972222', '0.00'),
('Nakkala', 'Nakkala', 'Kumbukkan Oya', 'RB 31', '6.89250000', '81.29555556', '0.00'),
('Nawalapitiya', 'Nawalapitiya', 'Mahaweli Ganga', 'RB 60', '7.04750000', '80.50055556', '0.00'),
('Norwood', 'Norwood', 'Kelani Ganga', 'RB 01', '6.83563889', '80.61466667', '0.00'),
('Padiyatalawa', 'Padiyatalawa', 'Maduru Oya', 'RB 54', '7.38250000', '81.19472222', '0.10'),
('Peradeniya', 'Peradeniya', 'Mahaweli Ganga', 'RB 60', '7.26722222', '80.59416667', '0.00'),
('Pitabeddara', 'Pitabeddara', 'Nilwala Ganga', 'RB 12', '6.20138889', '80.47333333', '38.90'),
('Putupaula', 'Putupaula', 'Kelani Ganga', 'RB 01', '6.61441667', '80.06227778', '0.00'),
('Rathnapura', 'Rathnapura', 'Kalu Ganga', 'RB 03', '6.67944444', '80.39527778', '12.90'),
('Siyambalanduwa', 'Siyambalanduwa', 'Heda Oya', 'RB 36', '6.90500000', '81.54388889', '0.00'),
('Taldena', 'Taldena', 'Mahaweli Ganga', 'RB 60', '7.08333333', '81.05000000', '0.00'),
('Tanamalwila', 'Tanamalwila', 'Kirindi Oya', 'RB 22', '6.44416667', '81.13555556', '0.00'),
('Tantirimale', 'Tantirimale', 'Malwathu Oya', 'RB 90', '8.58669167', '80.27611944', '0.00'),
('Tawalama', 'Tawalama', 'Gin Ganga', 'RB 09', '6.33972222', '80.32722222', '11.60'),
('Urawa', 'Urawa', 'Nilwala Ganga', 'RB 12', '6.23661111', '80.57166667', '12.00'),
('Wellawaya', 'Wellawaya', 'Kirindi Oya', 'RB 22', '6.70250000', '81.11166667', '0.00'),
('Weragantota', 'Weragantota', 'Mahaweli Ganga', 'RB 60', '7.31694444', '80.98694444', '0.00');

--
-- Triggers `rainfall`
--
DROP TRIGGER IF EXISTS `rain_flood`;
DELIMITER //
CREATE TRIGGER `rain_flood` BEFORE UPDATE ON `rainfall`
 FOR EACH ROW IF (OLD.id='')
THEN
SET NEW.id=NEW.statiOn;

IF (NEW.rain_fall > 15.00)
THEN
	IF (NEW.rain_fall > 30.00)
	THEN
	INSERT IGNORE INTO flood(rel_table,station,river_basin,rb_ID,longitude,latitude,flood_type) VALUES ('rainfall',NEW.station, NEW.basin, NEW.rb_id, NEW.latitude,NEW.longitude,'MAJOR FLOOD');
    ELSE
    INSERT IGNORE INTO flood(rel_table,station,river_basin,rb_ID,longitude,latitude,flood_type) VALUES ('rainfall',NEW.station, NEW.basin, NEW.rb_id, NEW.latitude,NEW.longitude,'MINOR FLOOD');
	END IF;
END IF;
ELSE
IF (NEW.rain_fall > 15.00)
THEN
	IF (NEW.rain_fall > 30.00 )
	THEN
	INSERT IGNORE INTO flood(rel_table,station,river_basin,rb_ID,longitude,latitude,flood_type) VALUES ('rainfall',NEW.station, NEW.basin, NEW.rb_id, NEW.latitude,NEW.longitude,'MAJOR FLOOD');
    ELSE
    INSERT IGNORE INTO flood(rel_table,station,river_basin,rb_ID,longitude,latitude,flood_type) VALUES ('rainfall',NEW.station, NEW.basin, NEW.rb_id, NEW.latitude,NEW.longitude,'MINOR FLOOD');
	END IF;
END IF;
END IF
//
DELIMITER ;

-- --------------------------------------------------------

--
-- Table structure for table `reservoir`
--

CREATE TABLE IF NOT EXISTS `reservoir` (
  `id` varchar(50) NOT NULL,
  `reservoir_name` varchar(100) NOT NULL,
  `district` varchar(100) NOT NULL,
  `latitude` decimal(10,8) NOT NULL,
  `longitude` decimal(11,8) NOT NULL,
  `major_basin` varchar(100) NOT NULL,
  `catchment_area` varchar(50) NOT NULL,
  `capacity` decimal(10,2) NOT NULL,
  `specified_acerage` decimal(10,2) NOT NULL,
  `max_bund_height` decimal(10,2) NOT NULL,
  `full_supply_depth` decimal(10,2) NOT NULL,
  `water_depth_above_sluice` decimal(10,2) NOT NULL,
  `spilling` varchar(10) NOT NULL DEFAULT 'No',
  `gate_open` varchar(10) NOT NULL DEFAULT 'No',
  PRIMARY KEY (`reservoir_name`)
) ENGINE=InnoDB DEFAULT CHARSET=latin1;

--
-- Dumping data for table `reservoir`
--

INSERT INTO `reservoir` (`id`, `reservoir_name`, `district`, `latitude`, `longitude`, `major_basin`, `catchment_area`, `capacity`, `specified_acerage`, `max_bund_height`, `full_supply_depth`, `water_depth_above_sluice`, `spilling`, `gate_open`) VALUES
('', 'Abaya Wewa', 'Anuradhapura', '8.35220703', '80.38815594', 'Malwathu Oya', '931.68', '2.35', '155.81', '4.57', '0.00', '0.00', 'No', 'No'),
('Akathimuruppu', 'Akathimuruppu', 'Mannar', '8.74470000', '79.99900000', 'Malwathu Oya', '388.20', '8.55', '1837.25', '3.96', '3.02', '2.99', 'No', 'No'),
('Ambakolawewa', 'Ambakolawewa', 'Kurunegala', '7.89377788', '80.29207587', 'Mee Oya', '17,080.80', '8.24', '340.08', '6.71', '5.03', '5.05', 'Yes', 'Yes'),
('Ambalan Oya', 'Ambalan Oya', 'Ampara', '7.15539176', '81.69394498', 'Ambalan Oya', '3,519.68', '44.22', '1457.49', '11.28', '7.77', '7.86', 'Yes', 'No'),
('Ambewela', 'Ambewela', 'Badulla', '6.87852913', '80.80580642', 'Kalani Aru', '1,294.00', '2.15', '386.64', '8.23', '5.18', '5.28', 'Yes', 'No'),
('Attaragalla', 'Attaragalla', 'Kurunegala', '7.91806025', '80.29483898', 'Mee Oya', '4,140.80', '4.54', '419.43', '6.71', '4.73', '4.37', 'No', 'No'),
('Badagiriya', 'Badagiriya', 'Hambantota', '6.25479367', '81.13981874', 'Malala Oya', '35,067.40', '11.13', '850.20', '7.01', '4.27', '4.24', 'Yes', 'No'),
('Batalagoda', 'Batalagoda', 'Kurunegala', '7.53277578', '80.45348225', 'Deduru Oya', '1,423.40', '5.95', '2046.15', '6.71', '3.90', '3.56', 'No', 'No'),
('Dambarawa', 'Dambarawa', 'Badulla', '7.31384372', '81.03405419', 'Mahaweli River', '1,850.42', '15.88', '426.32', '7.62', '6.10', '6.10', 'No', 'No'),
('Debarawewa', 'Debarawewa', 'Hambantota', '6.30011877', '81.26661449', 'Kirindi Oya', '559.01', '0.86', '945.00', '3.05', '2.44', '2.62', 'Yes', 'No'),
('Ekgal Oya', 'Ekgal Oya', 'Ampara', '7.16451201', '81.61732435', 'Ekgal Aru', '362.32', '28.91', '1153.85', '15.85', '10.06', '10.00', 'No', 'No'),
('Ethimale', 'Ethimale', 'Moneragala', '6.82541411', '81.45324468', 'Wila Oya', '2,458.60', '6.77', '405.67', '10.67', '5.03', '5.08', 'Yes', 'No'),
('Giants Tank', 'Giants Tank', 'Mannar', '8.85005787', '80.03337248', 'Malwathu Oya', '9,834.40', '38.75', '9893.93', '5.18', '3.51', '3.35', 'No', 'No'),
('Giritale', 'Giritale', 'Polonnaruwa', '7.99409691', '80.91663839', 'Mahaweli Ganga', '24.11', '92.05', '3076.52', '14.02', '13.02', '13.77', 'No', 'No'),
('Hakwatuna', 'Hakwatuna', 'Kurunegala', '7.77173104', '80.46092004', 'Deduru Oya', '6,379.42', '24.26', '2094.33', '6.71', '8.23', '8.08', 'Yes', 'No'),
('Handapanagala', 'Handapanagala', 'Moneragala', '6.66132985', '81.15128086', 'Kirindi Oya', '5,098.36', '7.14', '708.50', '7.01', '5.49', '4.17', 'No', 'No'),
('Huruluwewa', 'Huruluwewa', 'Anuradhapura', '8.22111100', '80.70805600', 'Yan Oya', '19,927.60', '67.65', '4046.94', '12.19', '8.38', '7.95', 'No', 'No'),
('Inginimitiya', 'Inginimitiya', '', '7.93985849', '80.15027618', 'Mi Oya', '55,642.00', '72.36', '2184.62', '17.98', '6.71', '6.26', 'No', 'No'),
('Kande Ela', 'Kande Ela', 'Badulla', '6.91673640', '80.79001458', 'Mahaweli River', '258.80', '2.31', '504.86', '10.36', '8.38', '8.41', 'Yes', 'No'),
('Kantale', 'Kantale', 'Trincomalee', '8.36651110', '80.97954639', 'Mora Oya', '0.00', '140.22', '7511.00', '18.29', '11.81', '10.51', 'No', 'No'),
('Kaudulla', 'Kaudulla', 'Polonnaruwa', '8.16852928', '80.92650276', 'Kaudulu Oya', '2,588.00', '127.92', '5060.73', '17.07', '9.15', '8.99', 'No', 'No'),
('Kekiriobada', 'Kekiriobada', 'Hambantota', '6.19975956', '80.65936829', 'Kirama', '870.00', '2.70', '0.00', '18.50', '16.52', '7.07', 'No', 'No'),
('Kimbulwana', 'Kimbulwana', 'Kurunegala', '7.64298914', '80.47849162', 'Deduru Oya', '9,834.40', '8.49', '665.59', '6.71', '6.10', '5.80', 'No', 'No'),
('Lunugamwehera', 'Lunugamwehera', 'Hambantota', '6.38505631', '81.20579208', 'Kirindi Oya', '91,356.40', '269.55', '12574.90', '25.91', '12.50', '12.13', 'No', 'No'),
('Magalla', 'Magalla', 'Kurunegala', '7.74236310', '80.13014577', 'Deduru Oya', '5,434.80', '9.20', '2042.91', '6.71', '5.49', '5.49', 'No', 'No'),
('Mahakandarawa', 'Mahakandarawa', 'Anuradhapura', '8.38430629', '80.54097746', 'Malwathu Oya', '32,608.80', '44.59', '2525.29', '8.53', '5.79', '4.74', 'No', 'No'),
('Mahawilachchiya', 'Mahawilachchiya', 'Anuradhapura', '8.46412648', '80.20231598', 'Modaregama Aru', '36,537.38', '38.75', '1092.68', '10.67', '6.75', '6.76', 'Yes', 'No'),
('Manankattiya', 'Manankattiya', 'Anuradhapura', '8.20839445', '80.66321385', 'Malwathu Oya', '6,987.60', '8.61', '608.66', '9.14', '5.49', '5.54', 'Yes', 'No'),
('Mapakada', 'Mapakada', 'Badulla', '7.20080646', '81.02579298', 'Mahaweli River', '737.58', '9.47', '374.49', '10.06', '8.23', '5.89', 'No', 'No'),
('Mau Ara', 'Mau Ara', 'Moneragala', '6.44071642', '80.95816483', 'Walawe', '20,877.40', '40.87', '244.13', '89.80', '6.10', '6.18', 'Yes', 'No'),
('', 'Mediyawa', 'Kurunegala', '7.87764636', '80.28925998', 'Mee Oya', '2,846.80', '3.19', '394.33', '6.71', '0.00', '0.00', 'No', 'No'),
('Minneriya', 'Minneriya', 'Polonnaruwa', '8.03760090', '80.88195985', 'Mahaweli Ganga', '23,964.88', '135.30', '7317.81', '21.34', '11.62', '10.42', 'No', 'No'),
('Mora wewa', 'Mora wewa', 'Trincomalee', '8.58213236', '81.00995636', 'Mora Oya', '', '0.00', '0.00', '0.00', '8.54', '8.46', 'No', 'No'),
('Muruthawela', 'Muruthawela', '', '7.25526854', '80.45595023', 'Mahaweli River', '870.00', '2.70', '0.00', '18.50', '14.94', '14.08', 'Yes', 'Yes'),
('Muthukandiya', 'Muthukandiya', 'Moneragala', '6.98197906', '81.49991548', 'Heda Oya', '6,573.52', '30.26', '826.72', '24.38', '11.28', '11.35', 'Yes', 'No'),
('Nachchaduwa', 'Nachchaduwa', 'Anuradhapura', '8.25115701', '80.48181344', 'Malwathu Oya', '61,076.80', '55.53', '2539.05', '10.67', '7.62', '6.81', 'No', 'No'),
('Nagadeepa', 'Nagadeepa', 'Badulla', '7.26233727', '81.10222412', 'Mahaweli River', '6,987.60', '29.31', '1619.43', '25.60', '12.50', '12.52', 'Yes', 'No'),
('Namal Oya', 'Namal Oya', 'Ampara', '7.29551255', '81.51501417', 'Namal Oya', '5,176.00', '52.58', '1457.49', '11.89', '12.01', '11.92', 'Yes', 'No'),
('Navakiri', 'Navakiri', 'Baticaloa', '7.46097907', '81.59476926', 'Andal Oya', '18,116.00', '65.19', '7087.04', '11.89', '9.54', '8.59', 'No', 'No'),
('Nuwara wewa', 'Nuwara wewa', 'Anuradhapura', '8.35447388', '80.42470202', 'Malwathu Oya', '8,411.00', '44.34', '971.27', '10.67', '7.01', '6.69', 'No', 'No'),
('Padaviya', 'Padaviya', 'Anuradhapura', '8.80888900', '80.73527800', 'Ma Oya', '53,830.40', '104.55', '971.27', '0.00', '7.32', '7.03', 'No', 'No'),
('Pallan Oya', 'Pallan Oya', 'Ampara', '7.16250000', '81.55227000', 'Pallan Oya', '9,417.73', '114.39', '1497.98', '19.81', '16.77', '14.20', 'No', 'No'),
('Palukadawala', 'Palukadawala', 'Kurunegala', '7.94219957', '80.29203341', 'Mee Oya', '1,811.60', '9.46', '819.84', '6.71', '8.32', '8.00', 'No', 'No'),
('Pannalgama', 'Pannalgama', 'Ampara', '7.08346806', '81.63176025', 'Pannal Oya', '4,658.40', '33.95', '1153.85', '29.57', '12.50', '12.47', 'No', 'No'),
('Parakrama Samudraya', 'Parakrama Samudraya', 'Polonnaruwa', '7.89717151', '80.97382281', 'Mahaweli Ganga', '7,246.40', '135.36', '7948.18', '15.85', '7.62', '6.95', 'No', 'No'),
('Pavatkulam', 'Pavatkulam', 'Vavuniya', '8.66552462', '80.41588610', 'Malwathu Oya', '29,762.00', '33.21', '1673.68', '8.78', '5.91', '5.79', 'No', 'No'),
('Rajangana', 'Rajangana', 'Anuradhapura', '8.13226500', '80.24579882', 'Kala Oya', '76,863.60', '100.37', '7486.85', '18.29', '10.67', '10.06', 'No', 'No'),
('Ridiyagama', 'Ridiyagama', 'Hambantota', '6.20597992', '80.98423916', 'Walawe', '2,846.80', '26.75', '2740.89', '8.23', '5.72', '5.26', 'No', 'No'),
('Rottikulama', 'Rottikulama', 'Ampara', '6.91585598', '81.80137329', 'Govipola Aru', '3,985.52', '6.27', '607.29', '6.40', '4.73', '3.66', 'No', 'No'),
('Rugam', 'Rugam', 'Baticaloa', '7.64381403', '81.48002001', 'Mundeni Aru', '9,058.00', '22.88', '3948.18', '8.41', '4.76', '4.32', 'No', 'No'),
('Senanayaka Samudraya', 'Senanayaka Samudraya', 'Ampara', '7.21697092', '81.45452508', 'Gal Oya', '99,379.20', '947.10', '48583.00', '33.53', '33.54', '32.40', 'No', 'No'),
('Sorabora', 'Sorabora', 'Badulla', '7.36459665', '81.02207651', 'Mahaweli River', '4,371.13', '20.76', '517.41', '8.69', '5.95', '6.10', 'No', 'No'),
('Tabbowa', 'Tabbowa', 'Puttlam', '7.40000707', '79.88334274', 'Mi Oya', '38,820.00', '18.94', '846.96', '8.84', '5.49', '5.02', 'No', 'No'),
('', 'Tissa wewa Reservoir', 'Anuradhapura', '8.33461281', '80.38117629', 'Malwathu Oya', '517.60', '4.31', '365.03', '6.40', '0.00', '0.00', 'No', 'No'),
('Tissawewa', 'Tissawewa', 'Hambantota', '6.29271044', '81.28286596', 'Kirindi Oya', '4,076.10', '4.32', '1113.36', '4.88', '4.76', '4.22', 'No', 'No'),
('Unnichchai', 'Unnichchai', 'Baticaloa', '7.60813633', '81.53488728', 'Mahilawettuwan', '27,432.80', '51.05', '5164.78', '10.67', '10.06', '8.97', 'No', 'No'),
('Usgala Siyabalangamuwa', 'Usgala Siyabalangamuwa', 'Kurunegala', '8.06420515', '80.32270774', 'Kala Oya', '18,439.50', '27.06', '635.63', '6.71', '5.62', '6.42', 'Yes', 'No'),
('Vakaneri', 'Vakaneri', 'Baticaloa', '7.93337057', '81.41666947', 'Maduru Oya', '4.20', '16.61', '3441.30', '5.85', '5.85', '5.87', 'Yes', 'No'),
('Vendrasan', 'Vendrasan', 'Trincomalee', '8.39439823', '81.00644717', '', '0.00', '24.90', '708.00', '15.24', '12.04', '9.60', 'No', 'No'),
('Viyathikulam', 'Viyathikulam', 'Mannar', '8.56380000', '79.97380000', 'Moderagama Aru', '905.80', '1.03', '495.14', '3.66', '3.38', '2.83', 'No', 'No'),
('Wahalkada', 'Wahalkada', 'Anuradhapura', '8.72303281', '80.83544138', 'Yan Oya', '8,152.20', '52.89', '809.39', '19.02', '8.69', '8.27', 'No', 'No'),
('Wan Ela', 'Wan Ela', 'Trincomalee', '8.37779222', '80.71368665', '', '559,008.00', '0.00', '656.00', '7.62', '4.12', '4.22', 'No', 'No'),
('Weerawila', 'Weerawila', 'Hambantota', '6.28680987', '81.23490326', 'Kirindi Oya', '82,816.00', '12.92', '795.55', '5.18', '3.96', '3.48', 'No', 'No'),
('Weheragala', 'Weheragala', 'Moneragala', '6.55049133', '81.25897293', 'Manik Ganga', '56,300.00', '75.00', '0.00', '0.00', '7.74', '6.76', 'No', 'No');

--
-- Triggers `reservoir`
--
DROP TRIGGER IF EXISTS `reservoir_alert`;
DELIMITER //
CREATE TRIGGER `reservoir_alert` BEFORE UPDATE ON `reservoir`
 FOR EACH ROW IF (OLD.id='')
THEN
SET NEW.id=OLD.reservoir_name;
IF (NEW.gate_open='Yes')
THEN
INSERT INTO alert(Table_Name,Disaster_ID) VALUE ('reservoir', NEW.id);
END IF;
ELSE
IF (NEW.gate_open='Yes')
THEN
INSERT INTO alert(Table_Name,Disaster_ID) VALUE ('reservoir', NEW.id);
END IF;
END IF
//
DELIMITER ;

-- --------------------------------------------------------

--
-- Table structure for table `river`
--

CREATE TABLE IF NOT EXISTS `river` (
  `id` varchar(50) NOT NULL,
  `station` varchar(100) NOT NULL,
  `river` varchar(100) NOT NULL,
  `rb_id` varchar(50) NOT NULL,
  `catchment_area` decimal(5,0) NOT NULL,
  `alert_level` decimal(5,2) NOT NULL,
  `minor_flood_level` decimal(5,2) NOT NULL,
  `major_flood_level` decimal(5,2) NOT NULL,
  `current_level` varchar(20) NOT NULL,
  `alert` varchar(50) NOT NULL,
  `latitude` decimal(10,8) NOT NULL,
  `longitude` decimal(11,8) NOT NULL,
  PRIMARY KEY (`station`)
) ENGINE=InnoDB DEFAULT CHARSET=latin1;

--
-- Dumping data for table `river`
--

INSERT INTO `river` (`id`, `station`, `river`, `rb_id`, `catchment_area`, `alert_level`, `minor_flood_level`, `major_flood_level`, `current_level`, `alert`, `latitude`, `longitude`) VALUES
('Badalgama', 'Badalgama', 'Maha Oya', 'RB 102', '1360', '0.30', '1.52', '5.00', '-', 'Normal', '7.31500000', '80.00444444'),
('Baddegama', 'Baddegama', 'Gin Ganga', 'RB 09', '681', '3.50', '4.50', '5.00', '1.20', 'Normal', '6.17333333', '80.17361111'),
('Deraniyagala', 'Deraniyagala', 'Kelani Ganga', 'RB 01', '183', '4.88', '5.79', '6.36', '0.26', 'Normal', '6.92444444', '80.33805556'),
('Dunamale', 'Dunamale', 'Attanagalu Oya', 'RB 103', '153', '3.30', '4.40', '5.50', '0.62', 'Normal', '7.09222222', '79.99138889'),
('Ellagawa', 'Ellagawa', 'Kalu Ganga', 'RB 03', '1393', '10.00', '10.66', '12.00', '-', '-', '6.73166667', '80.21783333'),
('Galgamuwa', 'Galgamuwa', 'Mee Oya', 'RB 95', '299', '4.84', '5.94', '7.00', '0.53', 'Normal', '7.96805556', '80.25861111'),
('Giriulla', 'Giriulla', 'Maha Oya', 'RB 102', '1192', '5.00', '6.00', '6.50', '0.74', 'Normal', '7.32472222', '80.11555556'),
('Glencourse', 'Glencourse', 'Kelani Ganga', 'RB 01', '1463', '15.50', '16.76', '19.81', '8.82', 'Normal', '6.97805556', '80.20305556'),
('Hanwella', 'Hanwella', 'Kelani Ganga', 'RB 01', '1782', '7.00', '8.00', '11.00', '0.69', 'Normal', '6.90972222', '80.08166667'),
('Holombuwa', 'Holombuwa', 'Kelani Ganga', 'RB 01', '155', '3.00', '3.35', '4.87', '0.34', 'Normal', '7.18516667', '80.26480556'),
('Horowpatana', 'Horowpatana', 'Yan Oya', 'RB 67', '720', '6.00', '7.30', '8.00', '3.88', 'Normal', '8.57750000', '80.87833333'),
('Kitulgala', 'Kitulgala', 'Kelani Ganga', 'RB 01', '383', '2.00', '3.00', '5.00', '0.66', 'Normal', '6.98916667', '80.41777778'),
('Kuda Oya', 'Kuda Oya', 'Kirindi Oya', 'RB 22', '291', '6.00', '7.62', '8.00', '0.52', 'Normal', '6.52305556', '81.12333333'),
('Manampitiya', 'Manampitiya', 'Mahaweli Ganga', 'RB 60', '7418', '3.50', '3.90', '4.00', '1.16', 'Normal', '7.91250000', '81.08888889'),
('Millakanda', 'Millakanda', 'Kalu Ganga', 'RB 03', '780', '3.50', '5.50', '7.00', '1.00', 'Normal', '6.63055556', '80.15972222'),
('Nagalagam Street', 'Nagalagam Street', 'Kelani Ganga', 'RB 01', '2085', '1.22', '1.52', '2.13', '0.27', 'Normal', '6.95972222', '79.87677778'),
('Nakkala', 'Nakkala', 'Kumbukkan Oya', 'RB 31', '216', '3.00', '3.95', '5.50', '-', 'Normal', '6.89250000', '81.29555556'),
('Nawalapitiya', 'Nawalapitiya', 'Mahaweli Ganga', 'RB 60', '176', '3.00', '4.00', '4.50', '0.57', 'Normal', '7.04750000', '80.50055556'),
('Norwood', 'Norwood', 'Kelani Ganga', 'RB 01', '97', '1.50', '2.00', '2.15', '0.60', 'Normal', '6.83563889', '80.61466667'),
('Padiyatalawa', 'Padiyatalawa', 'Maduru Oya', 'RB 54', '159', '4.00', '4.50', '6.00', '0.90', 'Normal', '7.38250000', '81.19472222'),
('Panadugama', 'Panadugama', 'Nilwala Ganga', 'RB 12', '0', '5.00', '5.50', '6.50', '4.20', 'Normal', '6.09545162', '80.47371626'),
('Peradeniya', 'Peradeniya', 'Mahaweli Ganga', 'RB 60', '1168', '5.00', '7.00', '9.00', '1.28', 'Normal', '7.26722222', '80.59416667'),
('Pitabeddara', 'Pitabeddara', 'Nilwala Ganga', 'RB 12', '333', '3.00', '3.35', '4.50', '1.32', 'Normal', '6.20138889', '80.47333333'),
('Putupaula', 'Putupaula', 'Kalu Ganga', 'RB 03', '2598', '3.00', '4.00', '5.00', '0.58', 'Normal', '6.61441667', '80.06227778'),
('Rathnapura', 'Rathnapura', 'Kalu Ganga', 'RB 03', '603', '3.65', '6.00', '7.90', '1.00', 'Normal', '6.67944444', '80.39527778'),
('Siyambalanduwa', 'Siyambalanduwa', 'Heda Oya', 'RB 36', '295', '4.00', '4.50', '5.00', '0.41', 'Normal', '6.90500000', '81.54388889'),
('Taldena', 'Taldena', 'Mahaweli Ganga', 'RB 60', '276', '3.00', '4.00', '5.00', '0.88', 'Normal', '7.08333333', '81.05000000'),
('Tanamalwila', 'Tanamalwila', 'Kirindi Oya', 'RB 22', '749', '4.00', '5.00', '5.50', '0.52', 'Normal', '6.44416667', '81.13555556'),
('Tantirimale', 'Tantirimale', 'Malwathu Oya', 'RB 90', '0', '6.75', '7.25', '0.00', '2.24', 'Normal', '8.58669167', '80.27611944'),
('Tawalama', 'Tawalama', 'Gin Ganga', 'RB 09', '377', '4.27', '4.57', '6.05', '1.78', 'Normal', '6.33972222', '80.32722222'),
('Urawa', 'Urawa', 'Nilwala Ganga', 'RB 12', '74', '2.50', '3.00', '4.00', '0.66', 'Normal', '6.23661111', '80.57166667'),
('Wellawaya', 'Wellawaya', 'Kirindi Oya', 'RB 22', '172', '4.00', '5.00', '5.50', '0.46', 'Normal', '6.70250000', '81.11166667'),
('Weragantota', 'Weragantota', 'Mahaweli Ganga', 'RB 60', '4092', '5.00', '6.00', '8.00', '-', 'Normal', '7.33039560', '80.98837852');

--
-- Triggers `river`
--
DROP TRIGGER IF EXISTS `alert_river`;
DELIMITER //
CREATE TRIGGER `alert_river` BEFORE UPDATE ON `river`
 FOR EACH ROW IF (OLD.id='')
THEN
SET NEW.id=OLD.station;
IF (NEW.alert_level < NEW.current_level)
THEN
INSERT INTO alert(Table_Name,Disaster_ID) VALUE ('river',NEW.id);
    IF (NEW.minor_flood_level < NEW.current_level)
        THEN
            IF (NEW.major_flood_level < NEW.current_level)
            THEN
            INSERT INTO flood(rel_table,station,river_basin,rb_ID,longitude,latitude,flood_type) VALUES ('river',NEW.station, NEW.river, NEW.rb_id, NEW.latitude,NEW.longitude,'MAJOR FLOOD');
            ELSE
            INSERT INTO flood(rel_table,station,river_basin,rb_ID,longitude,latitude,flood_type) VALUES ('river',NEW.station, NEW.river, NEW.rb_id, NEW.latitude,NEW.longitude,'MINOR FLOOD');
            END IF;
        END IF;
END IF;
ELSE
IF (NEW.alert_level < NEW.current_level)
THEN
INSERT INTO alert(Table_Name,Disaster_ID) VALUE ('river',NEW.id);
IF (NEW.alert_level < NEW.current_level)
THEN
INSERT INTO alert(Table_Name,Disaster_ID) VALUE ('river',NEW.id);
    IF (NEW.minor_flood_level < NEW.current_level)
        THEN
            IF (NEW.major_flood_level < NEW.current_level)
            THEN
            INSERT INTO flood(rel_table,station,river_basin,rb_ID,longitude,latitude,flood_type) VALUES ('river',NEW.station, NEW.river, NEW.rb_id, NEW.latitude,NEW.longitude,'MAJOR FLOOD');
            ELSE
            INSERT INTO flood(rel_table,station,river_basin,rb_ID,longitude,latitude,flood_type) VALUES ('river',NEW.station, NEW.river, NEW.rb_id, NEW.latitude,NEW.longitude,'MINOR FLOOD');
            END IF;
        END IF;
END IF;
END IF;
END IF
//
DELIMITER ;

-- --------------------------------------------------------

--
-- Table structure for table `temp_alert`
--

CREATE TABLE IF NOT EXISTS `temp_alert` (
  `Alert_ID` int(20) NOT NULL AUTO_INCREMENT,
  `Table_Name` varchar(20) NOT NULL,
  `Disaster_ID` varchar(20) NOT NULL,
  PRIMARY KEY (`Alert_ID`)
) ENGINE=InnoDB  DEFAULT CHARSET=latin1 AUTO_INCREMENT=115 ;

--
-- Dumping data for table `temp_alert`
--

INSERT INTO `temp_alert` (`Alert_ID`, `Table_Name`, `Disaster_ID`) VALUES
(29, 'earthquake', '110'),
(30, 'earthquake', '111'),
(31, 'earthquake', '112'),
(32, 'earthquake', '113'),
(33, 'earthquake', '114'),
(34, 'earthquake', '115'),
(35, 'earthquake', '116'),
(36, 'earthquake', '117'),
(37, 'reservoir', '118'),
(38, 'reservoir', '119'),
(39, 'river', '120'),
(40, 'flood', '121'),
(41, 'reservoir', '122'),
(42, 'flood', '123'),
(43, 'flood', '124'),
(44, 'flood', '125'),
(45, 'flood', '126'),
(46, 'flood', '127'),
(47, 'flood', '128'),
(48, 'flood', '129'),
(49, 'flood', '130'),
(50, 'flood', '131'),
(51, 'flood', '132'),
(52, 'flood', '133'),
(53, 'river', '134'),
(54, 'river', '135'),
(55, 'river', '136'),
(56, 'river', '137'),
(57, 'river', '138'),
(58, 'river', '139'),
(59, 'river', '140'),
(60, 'river', '141'),
(61, 'river', '142'),
(62, 'river', '143'),
(63, 'river', '144'),
(64, 'river', '145'),
(65, 'river', '146'),
(66, 'river', '147'),
(67, 'river', '148'),
(68, 'river', '149'),
(69, 'river', '150'),
(70, 'river', '151'),
(71, 'river', '152'),
(72, 'river', '153'),
(73, 'river', '154'),
(74, 'river', '155'),
(75, 'river', '156'),
(76, 'river', '157'),
(77, 'river', '158'),
(78, 'river', '159'),
(79, 'river', '160'),
(80, 'river', '161'),
(81, 'river', '162'),
(82, 'river', '163'),
(83, 'river', '164'),
(84, 'river', '165'),
(85, 'river', '166'),
(86, 'earthquake', '167'),
(87, 'earthquake', '168'),
(88, 'earthquake', '169'),
(89, 'earthquake', '170'),
(90, 'earthquake', '171'),
(91, 'earthquake', '172'),
(92, 'earthquake', '173'),
(93, 'earthquake', '174'),
(94, 'earthquake', '175'),
(95, 'earthquake', '176'),
(96, 'earthquake', '177'),
(97, 'earthquake', '178'),
(98, 'earthquake', '179'),
(99, 'earthquake', '180'),
(100, 'earthquake', '181'),
(101, 'earthquake', '182'),
(102, 'earthquake', '183'),
(103, 'earthquake', '184'),
(104, 'earthquake', '185'),
(105, 'earthquake', '186'),
(106, 'earthquake', '187'),
(107, 'earthquake', '188'),
(108, 'earthquake', '189'),
(109, 'earthquake', '190'),
(110, 'reservoir', '191'),
(111, 'earthquake', '192'),
(112, 'earthquake', '193'),
(113, 'tsunami', '194'),
(114, 'flood', '195');

-- --------------------------------------------------------

--
-- Table structure for table `tsunami`
--

CREATE TABLE IF NOT EXISTS `tsunami` (
  `id` int(8) NOT NULL AUTO_INCREMENT,
  `date` date NOT NULL,
  `time` time NOT NULL,
  `magnitude` decimal(3,1) NOT NULL,
  `place` varchar(50) NOT NULL,
  PRIMARY KEY (`id`)
) ENGINE=InnoDB  DEFAULT CHARSET=latin1 AUTO_INCREMENT=27 ;

--
-- Dumping data for table `tsunami`
--

INSERT INTO `tsunami` (`id`, `date`, `time`, `magnitude`, `place`) VALUES
(22, '2016-01-09', '03:51:32', '5.4', '68km SSW of Pisangkemeng, Indonesia'),
(23, '2016-01-07', '11:19:52', '4.3', '31km SW of Rio Dell, California'),
(24, '2016-01-07', '08:22:34', '4.9', '100km SW of Atka, Alaska'),
(25, '2016-01-06', '20:12:34', '4.4', '4km NNW of Banning, California'),
(26, '2016-01-10', '03:51:32', '5.4', '68km SSW of Pisangkemeng, Indonesia');

--
-- Triggers `tsunami`
--
DROP TRIGGER IF EXISTS `tsunami_alert`;
DELIMITER //
CREATE TRIGGER `tsunami_alert` AFTER INSERT ON `tsunami`
 FOR EACH ROW IF (NEW.date =CURDATE())
THEN
INSERT INTO alert(Table_Name,Disaster_ID) VALUE ('tsunami',NEW.id);
END IF
//
DELIMITER ;

-- --------------------------------------------------------

--
-- Table structure for table `website`
--

CREATE TABLE IF NOT EXISTS `website` (
  `Web_ID` int(8) NOT NULL AUTO_INCREMENT,
  `url` varchar(255) COLLATE utf8_bin NOT NULL,
  `description` varchar(255) COLLATE utf8_bin NOT NULL,
  PRIMARY KEY (`Web_ID`)
) ENGINE=InnoDB DEFAULT CHARSET=utf8 COLLATE=utf8_bin AUTO_INCREMENT=1 ;

--
-- Triggers `website`
--
DROP TRIGGER IF EXISTS `website`;
DELIMITER //
CREATE TRIGGER `website` BEFORE INSERT ON `website`
 FOR EACH ROW SET NEW.Web_ID=CONCAT('Web_',NEW.Web_ID)
//
DELIMITER ;

/*!40101 SET CHARACTER_SET_CLIENT=@OLD_CHARACTER_SET_CLIENT */;
/*!40101 SET CHARACTER_SET_RESULTS=@OLD_CHARACTER_SET_RESULTS */;
/*!40101 SET COLLATION_CONNECTION=@OLD_COLLATION_CONNECTION */;
